"transaction_id","amount","currency_id","category_id","subcategory_id","subscription_id","date_completed","account_id","user_id","paid_by_me","comment"
1,132574.0,1,1,1,,"2024-01-10",1,1,,
2,169125.0,1,1,1,,"2024-02-09",1,1,,
3,184500.0,1,1,1,,"2024-03-08",1,1,,
4,159900.0,1,1,1,,"2024-04-10",1,1,,
5,169125.0,1,1,1,,"2024-05-10",1,1,,
6,182450.0,1,1,1,,"2024-06-10",1,1,,
7,165025.0,1,1,1,,"2024-07-10",1,1,,
8,139400.0,1,1,1,,"2024-08-09",1,1,,
9,164000.0,1,1,1,,"2024-09-10",1,1,,
10,187575.0,1,1,1,,"2024-10-10",1,1,,
11,176300.0,1,1,1,,"2024-11-08",1,1,,
13,900.0,1,1,3,,"2024-01-02",1,1,,
14,900.0,1,1,3,,"2024-01-05",1,1,,
15,1600.0,1,1,3,,"2024-01-08",1,1,,
16,900.0,1,1,3,,"2024-01-15",1,1,,
17,900.0,1,1,3,,"2024-01-25",1,1,,
18,900.0,1,1,3,,"2024-01-30",1,1,,
19,900.0,1,1,3,,"2024-02-05",1,1,,
20,2400.0,1,1,3,,"2024-02-19",1,1,,
21,900.0,1,1,3,,"2024-02-24",1,1,,
22,2500.0,1,1,3,,"2024-02-26",1,1,,
23,900.0,1,1,3,,"2024-02-28",1,1,,
24,900.0,1,1,3,,"2024-03-01",1,1,,
25,900.0,1,1,3,,"2024-03-07",1,1,,
26,800.0,1,1,3,,"2024-03-14",1,1,,
27,1600.0,1,1,3,,"2024-03-18",1,1,,
28,900.0,1,1,3,,"2024-03-22",1,1,,
29,900.0,1,1,3,,"2024-03-25",1,1,,
30,900.0,1,1,3,,"2024-04-02",1,1,,
31,1700.0,1,1,3,,"2024-04-08",1,1,,
32,900.0,1,1,3,,"2024-04-11",1,1,,
33,900.0,1,1,3,,"2024-04-15",1,1,,
34,2700.0,1,1,3,,"2024-04-22",1,1,,
35,800.0,1,1,3,,"2024-04-26",1,1,,
36,800.0,1,1,3,,"2024-05-06",1,1,,
37,800.0,1,1,3,,"2024-05-27",1,1,,
38,800.0,1,1,3,,"2024-06-03",1,1,,
39,900.0,1,1,3,,"2024-06-24",1,1,,
40,900.0,1,1,3,,"2024-06-26",1,1,,
41,1600.0,1,1,3,,"2024-07-09",1,1,,
42,1600.0,1,1,3,,"2024-07-18",1,1,,
43,1700.0,1,1,3,,"2024-07-29",1,1,,
44,800.0,1,1,3,,"2024-07-30",1,1,,
45,900.0,1,1,3,,"2024-08-05",1,1,,
46,900.0,1,1,3,,"2024-08-06",1,1,,
47,900.0,1,1,3,,"2024-08-12",1,1,,
48,1800.0,1,1,3,,"2024-08-18",1,1,,
49,900.0,1,1,3,,"2024-08-20",1,1,,
50,800.0,1,1,3,,"2024-08-22",1,1,,
51,1800.0,1,1,3,,"2024-08-26",1,1,,
52,800.0,1,1,3,,"2024-09-09",1,1,,
53,900.0,1,1,3,,"2024-10-07",1,1,,
113,800.0,1,3,,,"2024-02-20",1,1,,
114,1000.0,1,3,,,"2024-03-05",1,1,,
115,3795.0,1,3,,,"2024-03-18",1,1,,
116,2775.0,1,3,,,"2024-03-31",1,1,,
117,4295.0,1,3,,,"2024-05-11",1,1,,
118,1000.0,1,3,,,"2024-05-16",1,1,,
119,3640.0,1,3,,,"2024-05-26",1,1,,
120,500.0,1,3,,,"2024-05-26",1,1,,
121,2500.0,1,3,,,"2024-06-24",1,1,,
122,10000.0,1,3,,,"2024-07-10",1,1,,
123,1000.0,1,3,,,"2024-08-28",1,1,,
124,1000.0,1,3,,,"2024-10-03",1,1,,
125,500.0,1,3,,,"2024-10-08",1,1,,
127,7055.0,1,4,,,"2024-04-02",1,1,,
128,25000.0,1,4,,,"2024-04-16",1,1,,
129,5000.0,1,4,,,"2024-05-02",1,1,,
130,890.0,1,4,,,"2024-05-18",1,1,,
131,30000.0,1,4,,,"2024-06-05",1,1,,
132,10000.0,1,4,,,"2024-07-02",1,1,,
133,890.0,1,4,,,"2024-07-02",1,1,,
135,1489.0,1,5,6,,"2024-01-03",1,1,,
136,683.0,1,5,6,,"2024-03-04",1,1,,
137,1866.0,1,5,6,,"2024-04-03",1,1,,
138,1313.0,1,5,6,,"2024-05-03",1,1,,
139,159.0,1,5,6,,"2024-06-03",1,1,,
140,2359.0,1,5,6,,"2024-07-03",1,1,,
141,2825.0,1,5,6,,"2024-08-03",1,1,,
142,918.0,1,5,6,,"2024-09-03",1,1,,
143,627.0,1,5,6,,"2024-10-03",1,1,,
145,5000.0,1,6,,,"2024-01-24",1,1,,
146,3000.0,1,6,,,"2024-03-29",1,1,,
147,2000.0,1,6,,,"2024-04-01",1,1,,
148,5000.0,1,6,,,"2024-05-17",1,1,,
149,5000.0,1,6,,,"2024-05-25",1,1,,
150,10000.0,1,6,,,"2024-07-19",1,1,,
151,50000.0,1,6,,,"2024-07-27",1,1,,
152,5000.0,1,6,,,"2024-08-09",1,1,,
153,250.0,1,6,,,"2024-09-15",1,1,,
154,900.0,1,1,3,,"2024-10-14",1,1,0,
215,2500.0,1,2,,,"2024-01-04",1,1,,
216,10000.0,1,2,,,"2024-01-05",1,1,,
217,2500.0,1,2,,,"2024-01-11",1,1,,
218,2500.0,1,2,,,"2024-01-18",1,1,,
219,2500.0,1,2,,,"2024-01-25",1,1,,
220,2500.0,1,2,,,"2024-02-01",1,1,,
221,10000.0,1,2,,,"2024-02-05",1,1,,
222,2500.0,1,2,,,"2024-02-08",1,1,,
223,2500.0,1,2,,,"2024-02-25",1,1,,
224,2500.0,1,2,,,"2024-02-22",1,1,,
225,2500.0,1,2,,,"2024-02-19",1,1,,
226,10000.0,1,2,,,"2024-03-05",1,1,,
227,2500.0,1,2,,,"2024-03-07",1,1,,
228,2500.0,1,2,,,"2024-03-14",1,1,,
229,5000.0,1,2,,,"2024-03-17",1,1,,
230,2500.0,1,2,,,"2024-03-21",1,1,,
231,2500.0,1,2,,,"2024-03-28",1,1,,
232,2500.0,1,2,,,"2024-04-04",1,1,,
233,10000.0,1,2,,,"2024-04-05",1,1,,
234,2500.0,1,2,,,"2024-04-11",1,1,,
235,2500.0,1,2,,,"2024-04-18",1,1,,
236,2500.0,1,2,,,"2024-04-25",1,1,,
237,2500.0,1,2,,,"2024-05-02",1,1,,
238,10000.0,1,2,,,"2024-05-06",1,1,,
239,2500.0,1,2,,,"2024-05-09",1,1,,
240,2500.0,1,2,,,"2024-05-16",1,1,,
241,2500.0,1,2,,,"2024-05-23",1,1,,
242,2500.0,1,2,,,"2024-05-30",1,1,,
243,9500.0,1,2,,,"2024-06-06",1,1,,
244,2500.0,1,2,,,"2024-06-13",1,1,,
245,2500.0,1,2,,,"2024-06-20",1,1,,
246,2500.0,1,2,,,"2024-06-27",1,1,,
247,2500.0,1,2,,,"2024-07-04",1,1,,
248,7000.0,1,2,,,"2024-07-08",1,1,,
249,2500.0,1,2,,,"2024-07-18",1,1,,
250,2500.0,1,2,,,"2024-07-25",1,1,,
251,2500.0,1,2,,,"2024-08-01",1,1,,
252,7000.0,1,2,,,"2024-08-06",1,1,,
253,2500.0,1,2,,,"2024-08-08",1,1,,
254,2500.0,1,2,,,"2024-08-15",1,1,,
255,2500.0,1,2,,,"2024-08-22",1,1,,
256,2500.0,1,2,,,"2024-08-29",1,1,,
257,2500.0,1,2,,,"2024-09-05",1,1,,
258,7000.0,1,2,,,"2024-09-06",1,1,,
259,2500.0,1,2,,,"2024-09-12",1,1,,
260,2500.0,1,2,,,"2024-09-19",1,1,,
261,2500.0,1,2,,,"2024-09-26",1,1,,
262,2500.0,1,2,,,"2024-10-03",1,1,,
263,7000.0,1,2,,,"2024-10-07",1,1,,
264,2500.0,1,2,,,"2024-10-10",1,1,,
265,2500.0,1,2,,,"2024-10-24",1,1,,
266,2500.0,1,2,,,"2024-10-31",1,1,,
267,7000.0,1,2,,,"2024-11-06",1,1,,
268,2500.0,1,2,,,"2024-11-07",1,1,,
269,2500.0,1,2,,,"2024-11-14",1,1,,
270,2500.0,1,2,,,"2024-11-21",1,1,,
271,2500.0,1,2,,,"2024-11-28",1,1,,
272,4000.0,1,2,,,"2024-11-28",1,1,,
273,500.0,1,3,,,"2024-10-09",1,1,0,
274,1426.0,1,5,,,"2024-11-04",1,1,0,
275,10000.0,1,6,,,"2024-11-18",1,1,0,
277,-5943.0,1,7,12,,"2024-05-06",1,1,,
278,-4453.0,1,7,12,,"2024-06-06",1,1,,
279,-4624.0,1,7,12,,"2024-07-08",1,1,,
280,-4980.0,1,7,12,,"2024-08-06",1,1,,
281,-4453.0,1,7,12,,"2024-09-06",1,1,,
282,-6443.0,1,7,12,,"2024-10-07",1,1,,
283,-4453.0,1,7,12,,"2024-11-06",1,1,,
284,-4453.0,1,7,12,,"2024-12-06",1,1,,
286,-3878.0,1,7,12,,"2024-01-05",1,1,,
287,-3878.0,1,7,12,,"2024-02-05",1,1,,
288,-3878.0,1,7,12,,"2024-03-05",1,1,,
289,-4510.0,1,7,12,,"2024-04-05",1,1,,
291,-3450.0,1,8,,,"2024-01-10",1,1,,
292,-3450.0,1,8,,,"2024-02-09",1,1,,
293,-1890.0,1,8,,,"2024-03-15",1,1,,
294,-1890.0,1,8,,,"2024-04-15",1,1,,
295,-1890.0,1,8,,,"2024-05-15",1,1,,
296,-1890.0,1,8,,,"2024-06-14",1,1,,
297,-1890.0,1,8,,,"2024-07-10",1,1,,
298,-1890.0,1,8,,,"2024-08-10",1,1,,
299,-1890.0,1,8,,,"2024-09-15",1,1,,
300,-1890.0,1,8,,,"2024-10-11",1,1,,
301,-1890.0,1,8,,,"2024-11-09",1,1,,
302,-1890.0,1,8,,,"2024-12-10",1,1,,
303,-1890.0,1,8,,,"2024-02-01",1,1,,
305,-2429.0,1,9,20,,"2024-01-03",1,1,,
306,-1294.0,1,9,20,,"2024-01-06",1,1,,
307,-278.0,1,9,20,,"2024-01-07",1,1,,
308,-660.0,1,9,20,,"2024-01-08",1,1,,
309,-1938.0,1,9,20,,"2024-01-09",1,1,,
310,-1223.0,1,9,20,,"2024-01-11",1,1,,
311,-475.0,1,9,20,,"2024-01-14",1,1,,
312,-1382.0,1,9,20,,"2024-01-18",1,1,,
313,-1215.0,1,9,20,,"2024-01-24",1,1,,
314,-346.0,1,9,20,,"2024-01-25",1,1,,
315,-1398.0,1,9,20,,"2024-01-28",1,1,,
316,-1088.0,1,9,20,,"2024-02-04",1,1,,
317,-1633.0,1,9,20,,"2024-02-05",1,1,,
318,-1238.0,1,9,20,,"2024-02-07",1,1,,
319,-1674.0,1,9,20,,"2024-02-09",1,1,,
320,-1484.0,1,9,20,,"2024-02-11",1,1,,
321,-2521.0,1,9,20,,"2024-02-16",1,1,,
322,-424.0,1,9,20,,"2024-02-25",1,1,,
323,-1043.0,1,9,20,,"2024-02-26",1,1,,
324,-1268.0,1,9,20,,"2024-02-29",1,1,,
325,-463.0,1,9,20,,"2024-03-01",1,1,,
326,-595.0,1,9,20,,"2024-03-05",1,1,,
327,-828.0,1,9,20,,"2024-03-11",1,1,,
328,-1435.0,1,9,20,,"2024-03-14",1,1,,
329,-416.0,1,9,20,,"2024-03-28",1,1,,
330,-393.0,1,9,20,,"2024-04-16",1,1,,
331,-1718.0,1,9,20,,"2024-04-19",1,1,,
332,-499.0,1,9,20,,"2024-04-20",1,1,,
333,-1472.0,1,9,20,,"2024-04-22",1,1,,
334,-344.0,1,9,20,,"2024-04-29",1,1,,
335,-1271.0,1,9,20,,"2024-05-05",1,1,,
336,-624.0,1,9,20,,"2024-05-06",1,1,,
337,-759.0,1,9,20,,"2024-05-26",1,1,,
338,-3210.0,1,9,20,,"2024-05-31",1,1,,
339,-1154.0,1,9,20,,"2024-06-09",1,1,,
340,-2078.0,1,9,20,,"2024-06-10",1,1,,
341,-362.0,1,9,20,,"2024-06-12",1,1,,
342,-1421.0,1,9,20,,"2024-06-16",1,1,,
343,-1678.0,1,9,20,,"2024-06-18",1,1,,
344,-3299.0,1,9,20,,"2024-06-21",1,1,,
345,-1657.0,1,9,20,,"2024-06-23",1,1,,
346,-1687.0,1,9,20,,"2024-06-24",1,1,,
347,-1524.0,1,9,20,,"2024-06-27",1,1,,
348,-1049.0,1,9,20,,"2024-06-28",1,1,,
349,-3044.0,1,9,20,,"2024-07-13",1,1,,
350,-1774.0,1,9,20,,"2024-07-23",1,1,,
351,-4645.0,1,9,20,,"2024-08-04",1,1,,
352,-1292.0,1,9,20,,"2024-08-19",1,1,,
353,-823.0,1,9,20,,"2024-08-20",1,1,,
354,-722.0,1,9,20,,"2024-08-21",1,1,,
355,-251.0,1,9,20,,"2024-08-28",1,1,,
356,-586.0,1,9,20,,"2024-08-30",1,1,,
357,-1457.0,1,9,20,,"2024-09-01",1,1,,
358,-1591.0,1,9,20,,"2024-09-12",1,1,,
359,-2111.0,1,9,20,,"2024-09-13",1,1,,
360,-1453.0,1,9,20,,"2024-09-20",1,1,,
361,-1790.0,1,9,20,,"2024-09-21",1,1,,
362,-1470.0,1,9,20,,"2024-10-01",1,1,,
363,-956.0,1,9,20,,"2024-10-02",1,1,,
364,-1073.0,1,9,20,,"2024-10-08",1,1,,
365,-378.0,1,9,20,,"2024-10-09",1,1,,
366,-1099.0,1,9,20,,"2024-10-11",1,1,,
367,-1854.0,1,9,20,,"2024-10-12",1,1,,
368,-1630.0,1,9,20,,"2024-10-13",1,1,,
369,-490.0,1,9,20,,"2024-10-21",1,1,,
370,-754.0,1,9,20,,"2024-11-09",1,1,,
371,-450.0,1,9,20,,"2024-11-21",1,1,,
372,-3266.0,1,9,20,,"2024-11-23",1,1,,
374,-4575.0,1,9,21,,"2024-01-19",1,1,,
375,-2873.0,1,9,21,,"2024-04-26",1,1,,
376,-2740.0,1,9,21,,"2024-04-27",1,1,,
377,-2560.0,1,9,21,,"2024-04-28",1,1,,
378,-400.0,1,9,21,,"2024-05-24",1,1,,
379,-890.0,1,9,21,,"2024-05-26",1,1,,
380,-400.0,1,9,21,,"2024-05-28",1,1,,
381,-3089.0,1,9,21,,"2024-06-02",1,1,,
382,-2159.0,1,9,21,,"2024-06-23",1,1,,
383,-1259.0,1,9,21,,"2024-08-02",1,1,,
384,-1182.0,1,9,21,,"2024-09-29",1,1,,
385,-3457.0,1,9,21,,"2024-10-07",1,1,,
386,-1836.0,1,9,21,,"2024-11-16",1,1,,
387,-2551.0,1,9,2,,"2024-01-19",1,1,,
388,-400.0,1,10,28,,"2024-01-20",1,1,,
389,-270.0,1,10,28,,"2024-01-31",1,1,,
390,-634.0,1,10,28,,"2024-02-14",1,1,,
391,-985.0,1,10,28,,"2024-03-02",1,1,,
392,-174.0,1,10,28,,"2024-04-04",1,1,,
393,-274.0,1,10,28,,"2024-04-08",1,1,,
394,-1435.0,1,10,28,,"2024-04-27",1,1,,
395,-1500.0,1,10,28,,"2024-04-28",1,1,,
396,-227.0,1,10,28,,"2024-05-11",1,1,,
397,-675.0,1,10,28,,"2024-05-12",1,1,,
398,-1000.0,1,10,28,,"2024-05-13",1,1,,
399,-429.0,1,10,28,,"2024-05-15",1,1,,
400,-214.0,1,10,28,,"2024-05-17",1,1,,
401,-800.0,1,10,28,,"2024-06-07",1,1,,
402,-1449.0,1,10,28,,"2024-06-12",1,1,,
403,-309.0,1,10,28,,"2024-06-24",1,1,,
404,-1119.0,1,10,28,,"2024-07-10",1,1,,
405,-759.0,1,10,28,,"2024-07-15",1,1,,
406,-244.0,1,10,28,,"2024-07-16",1,1,,
407,-489.0,1,10,28,,"2024-07-19",1,1,,
408,-1885.0,1,10,28,,"2024-07-25",1,1,,
409,-885.0,1,10,28,,"2024-07-25",1,1,,
410,-174.0,1,10,28,,"2024-07-26",1,1,,
411,-249.0,1,10,28,,"2024-08-09",1,1,,
412,-579.0,1,10,28,,"2024-08-12",1,1,,
413,-985.0,1,10,28,,"2024-08-19",1,1,,
414,-249.0,1,10,28,,"2024-08-23",1,1,,
415,-369.0,1,10,28,,"2024-08-23",1,1,,
416,-279.0,1,10,28,,"2024-09-05",1,1,,
417,-437.0,1,10,28,,"2024-09-20",1,1,,
418,-2500.0,1,10,28,,"2024-09-26",1,1,,
419,-179.0,1,10,28,,"2024-10-11",1,1,,
420,-194.0,1,10,28,,"2024-10-11",1,1,,
421,-1074.0,1,10,28,,"2024-10-11",1,1,,
422,-800.0,1,10,28,,"2024-10-14",1,1,,
423,-2000.0,1,10,28,,"2024-10-23",1,1,,
424,-1000.0,1,10,28,,"2024-10-26",1,1,,
425,-300.0,1,10,28,,"2024-10-27",1,1,,
426,-759.0,1,10,28,,"2024-10-31",1,1,,
427,-704.0,1,10,28,,"2024-10-31",1,1,,
428,-150.0,1,10,28,,"2024-11-17",1,1,,
429,-674.0,1,10,28,,"2024-11-19",1,1,,
430,-1022.0,1,10,28,,"2024-11-26",1,1,,
431,-10000.0,1,10,27,,"2024-05-17",1,1,,
432,-35000.0,1,10,27,,"2024-03-15",1,1,,
433,-14816.0,1,10,27,,"2024-07-10",1,1,,
434,-13663.0,1,10,27,,"2024-07-30",1,1,,
435,-10000.0,1,10,27,,"2024-08-31",1,1,,
436,-15000.0,1,10,27,,"2024-11-01",1,1,,
437,-1000.0,1,3,,,"2024-01-07",1,1,,
438,-600.0,1,3,,,"2024-01-30",1,1,,
439,-1220.0,1,3,,,"2024-02-01",1,1,,
440,-500.0,1,3,,,"2024-02-12",1,1,,
441,-800.0,1,3,,,"2024-02-16",1,1,,
442,-800.0,1,3,,,"2024-02-20",1,1,,
443,-800.0,1,3,,,"2024-02-21",1,1,,
444,-800.0,1,3,,,"2024-02-26",1,1,,
445,-900.0,1,3,,,"2024-03-05",1,1,,
446,-800.0,1,3,,,"2024-03-06",1,1,,
447,-800.0,1,3,,,"2024-03-11",1,1,,
448,-500.0,1,3,,,"2024-03-18",1,1,,
449,-800.0,1,3,,,"2024-03-28",1,1,,
450,-300.0,1,3,,,"2024-03-31",1,1,,
451,-500.0,1,3,,,"2024-04-06",1,1,,
452,-800.0,1,3,,,"2024-04-08",1,1,,
453,-820.0,1,3,,,"2024-04-16",1,1,,
454,-500.0,1,3,,,"2024-04-26",1,1,,
455,-800.0,1,3,,,"2024-05-08",1,1,,
456,-1800.0,1,3,,,"2024-05-16",1,1,,
457,-800.0,1,3,,,"2024-05-22",1,1,,
458,-800.0,1,3,,,"2024-05-26",1,1,,
459,-1120.0,1,3,,,"2024-05-31",1,1,,
460,-800.0,1,3,,,"2024-06-04",1,1,,
461,-820.0,1,3,,,"2024-06-11",1,1,,
462,-1300.0,1,3,,,"2024-06-24",1,1,,
463,-1400.0,1,3,,,"2024-07-02",1,1,,
464,-900.0,1,3,,,"2024-07-10",1,1,,
465,-700.0,1,3,,,"2024-07-19",1,1,,
466,-800.0,1,3,,,"2024-07-26",1,1,,
467,-1200.0,1,3,,,"2024-07-31",1,1,,
468,-800.0,1,3,,,"2024-08-06",1,1,,
469,-500.0,1,3,,,"2024-08-16",1,1,,
470,-400.0,1,3,,,"2024-08-26",1,1,,
471,-2000.0,1,3,,,"2024-08-28",1,1,,
472,-1000.0,1,3,,,"2024-08-29",1,1,,
473,-400.0,1,3,,,"2024-09-12",1,1,,
474,-400.0,1,3,,,"2024-09-22",1,1,,
475,-400.0,1,3,,,"2024-10-02",1,1,,
476,-800.0,1,3,,,"2024-10-03",1,1,,
477,-500.0,1,3,,,"2024-10-09",1,1,,
478,-400.0,1,3,,,"2024-10-11",1,1,,
479,-400.0,1,3,,,"2024-10-14",1,1,,
480,-500.0,1,3,,,"2024-10-17",1,1,,
481,-800.0,1,3,,,"2024-10-17",1,1,,
482,-400.0,1,3,,,"2024-10-25",1,1,,
483,-800.0,1,3,,,"2024-10-29",1,1,,
484,-400.0,1,3,,,"2024-11-06",1,1,,
485,-400.0,1,3,,,"2024-11-14",1,1,,
486,-400.0,1,3,,,"2024-11-24",1,1,,
487,-400.0,1,3,,,"2024-11-28",1,1,,
488,-400.0,1,3,,,"2024-12-02",1,1,,
489,-2400.0,1,3,,,"2024-12-13",1,1,,
490,-990.0,1,7,13,,"2024-02-28",1,1,,
491,-1590.0,1,7,13,,"2024-05-28",1,1,,
492,-1590.0,1,7,13,,"2024-08-28",1,1,,
493,-1590.0,1,7,13,,"2024-11-29",1,1,,
494,-3090.0,1,7,41,,"2024-01-12",1,1,,
495,-3090.0,1,7,41,,"2024-02-12",1,1,,
496,-3090.0,1,7,41,,"2024-03-12",1,1,,
497,-3090.0,1,7,41,,"2024-04-12",1,1,,
498,-3090.0,1,7,41,,"2024-05-11",1,1,,
499,-3090.0,1,7,41,,"2024-06-12",1,1,,
500,-3090.0,1,7,41,,"2024-06-12",1,1,,
501,-3090.0,1,7,41,,"2024-07-17",1,1,,
502,-3090.0,1,7,41,,"2024-08-16",1,1,,
503,-3848.0,1,7,14,,"2024-01-31",1,1,,
504,-3950.0,1,7,14,,"2024-03-03",1,1,,
505,-3935.0,1,7,14,,"2024-04-04",1,1,,
506,-3906.0,1,7,14,,"2024-05-04",1,1,,
507,-3950.0,1,7,14,,"2024-06-05",1,1,,
508,-3941.0,1,7,14,,"2024-07-05",1,1,,
509,-3953.0,1,7,14,,"2024-09-08",1,1,,
510,-4036.0,1,7,14,,"2024-10-10",1,1,,
511,-4132.0,1,7,14,,"2024-11-11",1,1,,
512,-4125.0,1,7,14,,"2024-12-12",1,1,,
513,-1891.0,1,7,15,,"2024-06-05",1,1,,
514,-1912.0,1,7,15,,"2024-07-05",1,1,,
515,-1017.0,1,7,15,,"2024-08-05",1,1,,
516,-1862.0,1,7,15,,"2024-09-05",1,1,,
517,-1102.0,1,7,15,,"2024-10-06",1,1,,
518,-1150.0,1,7,15,,"2024-11-07",1,1,,
519,-1181.0,1,7,15,,"2024-12-07",1,1,,
520,-11000.0,1,11,,,"2024-01-03",1,1,,
521,-2500.0,1,11,,,"2024-01-23",1,1,,
522,-1550.0,1,11,,,"2024-01-28",1,1,,
523,-4700.0,1,11,,,"2024-02-09",1,1,,
524,-3490.0,1,11,,,"2024-02-16",1,1,,
525,-2445.0,1,11,,,"2024-02-18",1,1,,
526,-2000.0,1,11,,,"2024-02-24",1,1,,
527,-1990.0,1,11,,,"2024-03-15",1,1,,
528,-52139.0,1,11,,,"2024-03-22",1,1,,
529,-4000.0,1,11,,,"2024-04-10",1,1,,
530,-13420.0,1,11,,,"2024-04-10",1,1,,
531,-14082.0,1,11,,,"2024-04-16",1,1,,
532,-2400.0,1,11,,,"2024-04-21",1,1,,
533,-5635.0,1,11,,,"2024-05-14",1,1,,
534,-899.0,1,11,,,"2024-05-18",1,1,,
535,-4995.0,1,11,,,"2024-05-18",1,1,,
536,-2000.0,1,11,,,"2024-05-18",1,1,,
537,-3380.0,1,11,,,"2024-05-28",1,1,,
538,-7919.0,1,11,,,"2024-06-28",1,1,,
539,-3000.0,1,11,,,"2024-07-08",1,1,,
540,-5280.0,1,11,,,"2024-07-09",1,1,,
541,-4490.0,1,11,,,"2024-07-15",1,1,,
542,-224.0,1,11,,,"2024-07-19",1,1,,
543,-3000.0,1,11,,,"2024-08-27",1,1,,
544,-28630.0,1,11,,,"2024-08-28",1,1,,
545,-5660.0,1,11,,,"2024-08-28",1,1,,
546,-2366.0,1,11,,,"2024-08-30",1,1,,
547,-2000.0,1,11,,,"2024-09-13",1,1,,
548,-15000.0,1,11,,,"2024-09-21",1,1,,
549,-22290.0,1,11,,,"2024-09-27",1,1,,
550,-2000.0,1,11,,,"2024-10-05",1,1,,
551,-23664.0,1,11,,,"2024-10-24",1,1,,
552,-599.0,1,11,,,"2024-11-07",1,1,,
553,-2600.0,1,11,,,"2024-11-13",1,1,,
554,-1600.0,1,11,,,"2024-11-18",1,1,,
555,-852.0,1,11,,,"2024-11-28",1,1,,
556,-5103.0,1,11,,,"2024-11-28",1,1,,
557,-1880.0,1,12,,,"2024-01-03",1,1,,
558,-2560.0,1,12,,,"2024-01-05",1,1,,
559,-189.0,1,12,,,"2024-01-10",1,1,,
560,-2580.0,1,12,,,"2024-01-10",1,1,,
561,-428.0,1,12,,,"2024-01-11",1,1,,
562,-2700.0,1,12,,,"2024-01-11",1,1,,
563,-6887.0,1,12,,,"2024-01-12",1,1,,
564,-2890.0,1,12,,,"2024-01-13",1,1,,
565,-3540.0,1,12,,,"2024-01-16",1,1,,
566,-2667.0,1,12,,,"2024-01-16",1,1,,
567,-418.0,1,12,,,"2024-01-18",1,1,,
568,-2090.0,1,12,,,"2024-01-18",1,1,,
569,-1546.0,1,12,,,"2024-01-23",1,1,,
570,-2390.0,1,12,,,"2024-01-25",1,1,,
571,-1590.0,1,12,,,"2024-01-26",1,1,,
572,-3185.0,1,12,,,"2024-01-30",1,1,,
573,-1766.0,1,12,,,"2024-02-01",1,1,,
574,-500.0,1,12,,,"2024-02-07",1,1,,
575,-1469.0,1,12,,,"2024-02-07",1,1,,
576,-880.0,1,12,,,"2024-02-09",1,1,,
577,-355.0,1,12,,,"2024-02-08",1,1,,
578,-3640.0,1,12,,,"2024-02-14",1,1,,
579,-1470.0,1,12,,,"2024-02-15",1,1,,
580,-500.0,1,12,,,"2024-02-16",1,1,,
581,-2930.0,1,12,,,"2024-02-17",1,1,,
582,-5160.0,1,12,,,"2024-02-17",1,1,,
583,-478.0,1,12,,,"2024-02-20",1,1,,
584,-970.0,1,12,,,"2024-02-21",1,1,,
585,-2890.0,1,12,,,"2024-02-22",1,1,,
586,-2070.0,1,12,,,"2024-02-25",1,1,,
587,-2630.0,1,12,,,"2024-02-27",1,1,,
588,-2800.0,1,12,,,"2024-03-03",1,1,,
589,-750.0,1,12,,,"2024-03-04",1,1,,
590,-3870.0,1,12,,,"2024-03-06",1,1,,
591,-2990.0,1,12,,,"2024-03-09",1,1,,
592,-377.0,1,12,,,"2024-03-12",1,1,,
593,-4900.0,1,12,,,"2024-03-12",1,1,,
594,-680.0,1,12,,,"2024-03-15",1,1,,
595,-3886.0,1,12,,,"2024-03-15",1,1,,
596,-2560.0,1,12,,,"2024-03-16",1,1,,
597,-5739.0,1,12,,,"2024-03-17",1,1,,
598,-959.0,1,12,,,"2024-03-20",1,1,,
599,-4460.0,1,12,,,"2024-03-21",1,1,,
600,-659.0,1,12,,,"2024-03-23",1,1,,
601,-2390.0,1,12,,,"2024-03-26",1,1,,
602,-299.0,1,12,,,"2024-04-03",1,1,,
603,-3090.0,1,12,,,"2024-04-04",1,1,,
604,-294.0,1,12,,,"2024-04-08",1,1,,
605,-2200.0,1,12,,,"2024-04-09",1,1,,
606,-3640.0,1,12,,,"2024-04-10",1,1,,
607,-299.0,1,12,,,"2024-04-11",1,1,,
608,-1980.0,1,12,,,"2024-04-11",1,1,,
609,-809.0,1,12,,,"2024-04-15",1,1,,
610,-1590.0,1,12,,,"2024-04-15",1,1,,
611,-2190.0,1,12,,,"2024-04-18",1,1,,
612,-1480.0,1,12,,,"2024-04-22",1,1,,
613,-1699.0,1,12,,,"2024-04-24",1,1,,
614,-1570.0,1,12,,,"2024-04-27",1,1,,
615,-2070.0,1,12,,,"2024-05-01",1,1,,
616,-358.0,1,12,,,"2024-05-03",1,1,,
617,-770.0,1,12,,,"2024-05-03",1,1,,
618,-890.0,1,12,,,"2024-05-04",1,1,,
619,-3270.0,1,12,,,"2024-05-08",1,1,,
620,-980.0,1,12,,,"2024-05-09",1,1,,
621,-3500.0,1,12,,,"2024-05-10",1,1,,
622,-1805.0,1,12,,,"2024-05-11",1,1,,
623,-467.0,1,12,,,"2024-05-21",1,1,,
624,-398.0,1,12,,,"2024-05-23",1,1,,
625,-1590.0,1,12,,,"2024-05-23",1,1,,
626,-3650.0,1,12,,,"2024-05-24",1,1,,
627,-2847.0,1,12,,,"2024-05-28",1,1,,
628,-2490.0,1,12,,,"2024-05-28",1,1,,
629,-9160.0,1,12,,,"2024-05-30",1,1,,
630,-1646.0,1,12,,,"2024-06-04",1,1,,
631,-1890.0,1,12,,,"2024-06-04",1,1,,
632,-299.0,1,12,,,"2024-06-06",1,1,,
633,-2700.0,1,12,,,"2024-06-06",1,1,,
634,-2814.0,1,12,,,"2024-06-07",1,1,,
635,-3540.0,1,12,,,"2024-06-08",1,1,,
636,-2398.0,1,12,,,"2024-06-10",1,1,,
637,-4780.0,1,12,,,"2024-06-12",1,1,,
638,-577.0,1,12,,,"2024-06-14",1,1,,
639,-4630.0,1,12,,,"2024-06-18",1,1,,
640,-2100.0,1,12,,,"2024-06-19",1,1,,
641,-1420.0,1,12,,,"2024-06-20",1,1,,
642,-2900.0,1,12,,,"2024-06-21",1,1,,
643,-3470.0,1,12,,,"2024-06-22",1,1,,
644,-3470.0,1,12,,,"2024-06-23",1,1,,
645,-2690.0,1,12,,,"2024-06-25",1,1,,
646,-290.0,1,12,,,"2024-06-26",1,1,,
647,-250.0,1,12,,,"2024-06-28",1,1,,
648,-519.0,1,12,,,"2024-07-08",1,1,,
649,-6560.0,1,12,,,"2024-07-08",1,1,,
650,-468.0,1,12,,,"2024-07-10",1,1,,
651,-2749.0,1,12,,,"2024-07-12",1,1,,
652,-2780.0,1,12,,,"2024-07-12",1,1,,
653,-578.0,1,12,,,"2024-07-12",1,1,,
654,-1690.0,1,12,,,"2024-07-16",1,1,,
655,-2690.0,1,12,,,"2024-07-18",1,1,,
656,-550.0,1,12,,,"2024-07-22",1,1,,
657,-1400.0,1,12,,,"2024-07-23",1,1,,
658,-1900.0,1,12,,,"2024-07-24",1,1,,
659,-1590.0,1,12,,,"2024-07-25",1,1,,
660,-399.0,1,12,,,"2024-07-29",1,1,,
661,-2700.0,1,12,,,"2024-07-29",1,1,,
662,-1590.0,1,12,,,"2024-07-31",1,1,,
663,-1125.0,1,12,,,"2024-08-01",1,1,,
664,-2399.0,1,12,,,"2024-08-03",1,1,,
665,-950.0,1,12,,,"2024-08-11",1,1,,
666,-449.0,1,12,,,"2024-08-12",1,1,,
667,-1490.0,1,12,,,"2024-08-12",1,1,,
668,-1490.0,1,12,,,"2024-08-18",1,1,,
669,-3498.0,1,12,,,"2024-08-18",1,1,,
670,-650.0,1,12,,,"2024-08-18",1,1,,
671,-2790.0,1,12,,,"2024-08-20",1,1,,
672,-2148.0,1,12,,,"2024-08-20",1,1,,
673,-2768.0,1,12,,,"2024-08-22",1,1,,
674,-1690.0,1,12,,,"2024-08-22",1,1,,
675,-1490.0,1,12,,,"2024-08-23",1,1,,
676,-3900.0,1,12,,,"2024-08-23",1,1,,
677,-1050.0,1,12,,,"2024-08-25",1,1,,
678,-1238.0,1,12,,,"2024-08-29",1,1,,
679,-1649.0,1,12,,,"2024-09-01",1,1,,
680,-3392.0,1,12,,,"2024-09-03",1,1,,
681,-508.0,1,12,,,"2024-09-05",1,1,,
682,-1700.0,1,12,,,"2024-09-07",1,1,,
683,-1398.0,1,12,,,"2024-09-07",1,1,,
684,-429.0,1,12,,,"2024-09-09",1,1,,
685,-990.0,1,12,,,"2024-09-10",1,1,,
686,-3940.0,1,12,,,"2024-09-11",1,1,,
687,-519.0,1,12,,,"2024-09-12",1,1,,
688,-1590.0,1,12,,,"2024-09-12",1,1,,
689,-1449.0,1,12,,,"2024-09-13",1,1,,
690,-710.0,1,12,,,"2024-09-16",1,1,,
691,-1690.0,1,12,,,"2024-09-16",1,1,,
692,-717.0,1,12,,,"2024-09-17",1,1,,
693,-2190.0,1,12,,,"2024-09-17",1,1,,
694,-319.0,1,12,,,"2024-09-19",1,1,,
695,-442.0,1,12,,,"2024-09-19",1,1,,
696,-2227.0,1,12,,,"2024-09-19",1,1,,
697,-2431.0,1,12,,,"2024-09-22",1,1,,
698,-1590.0,1,12,,,"2024-09-22",1,1,,
699,-710.0,1,12,,,"2024-09-23",1,1,,
700,-830.0,1,12,,,"2024-09-24",1,1,,
701,-3090.0,1,12,,,"2024-09-27",1,1,,
702,-430.0,1,12,,,"2024-09-30",1,1,,
703,-699.0,1,12,,,"2024-10-03",1,1,,
704,-3790.0,1,12,,,"2024-10-06",1,1,,
705,-509.0,1,12,,,"2024-10-07",1,1,,
706,-1600.0,1,12,,,"2024-10-07",1,1,,
707,-2140.0,1,12,,,"2024-10-10",1,1,,
708,-4798.0,1,12,,,"2024-10-11",1,1,,
709,-2790.0,1,12,,,"2024-10-15",1,1,,
710,-2140.0,1,12,,,"2024-10-17",1,1,,
711,-2140.0,1,12,,,"2024-10-24",1,1,,
712,-2930.0,1,12,,,"2024-10-29",1,1,,
713,-399.0,1,12,,,"2024-10-30",1,1,,
714,-2340.0,1,12,,,"2024-10-31",1,1,,
715,-1590.0,1,12,,,"2024-11-04",1,1,,
716,-900.0,1,12,,,"2024-11-05",1,1,,
717,-2796.0,1,12,,,"2024-11-08",1,1,,
718,-6750.0,1,12,,,"2024-11-09",1,1,,
719,-1490.0,1,12,,,"2024-11-11",1,1,,
720,-1590.0,1,12,,,"2024-11-12",1,1,,
721,-2690.0,1,12,,,"2024-11-13",1,1,,
722,-4798.0,1,12,,,"2024-11-17",1,1,,
723,-4200.0,1,12,,,"2024-11-19",1,1,,
724,-3080.0,1,12,,,"2024-11-19",1,1,,
725,-1390.0,1,12,,,"2024-11-20",1,1,,
726,-215.0,1,12,,,"2024-11-21",1,1,,
727,-1670.0,1,12,,,"2024-11-21",1,1,,
728,-269.0,1,12,,,"2024-11-25",1,1,,
729,-1200.0,1,12,,,"2024-11-25",1,1,,
730,-2980.0,1,12,,,"2024-11-27",1,1,,
731,-203.0,1,12,,,"2024-12-02",1,1,,
732,-1500.0,1,12,,,"2024-12-04",1,1,,
733,-2930.0,1,12,,,"2024-12-06",1,1,,
734,-215.0,1,12,,,"2024-12-09",1,1,,
735,-203.0,1,12,,,"2024-12-10",1,1,,
736,-4500.0,1,12,,,"2024-12-10",1,1,,
737,-2980.0,1,12,,,"2024-12-11",1,1,,
738,-1575.0,1,12,,,"2024-12-13",1,1,,
739,-520.0,1,12,,,"2024-01-02",1,1,,
740,-500.0,1,12,,,"2024-01-05",1,1,,
741,-1098.0,1,12,,,"2024-01-07",1,1,,
742,-1146.0,1,12,,,"2024-01-19",1,1,,
743,-1824.0,1,12,,,"2024-01-20",1,1,,
744,-510.0,1,12,,,"2024-01-28",1,1,,
745,-579.0,1,12,,,"2024-01-31",1,1,,
746,-1117.0,1,12,,,"2024-02-01",1,1,,
747,-650.0,1,12,,,"2024-02-03",1,1,,
748,-848.0,1,12,,,"2024-02-09",1,1,,
749,-650.0,1,12,,,"2024-02-18",1,1,,
750,-539.0,1,12,,,"2024-02-18",1,1,,
751,-544.0,1,12,,,"2024-02-19",1,1,,
752,-1506.0,1,12,,,"2024-02-21",1,1,,
753,-948.0,1,12,,,"2024-02-21",1,1,,
754,-665.0,1,12,,,"2024-02-22",1,1,,
755,-648.0,1,12,,,"2024-02-24",1,1,,
756,-329.0,1,12,,,"2024-02-24",1,1,,
757,-649.0,1,12,,,"2024-02-25",1,1,,
758,-244.0,1,12,,,"2024-02-26",1,1,,
759,-1257.0,1,12,,,"2024-02-28",1,1,,
760,-778.0,1,12,,,"2024-03-01",1,1,,
761,-423.0,1,12,,,"2024-03-04",1,1,,
762,-748.0,1,12,,,"2024-03-07",1,1,,
763,-480.0,1,12,,,"2024-03-13",1,1,,
764,-519.0,1,12,,,"2024-03-13",1,1,,
765,-549.0,1,12,,,"2024-03-16",1,1,,
766,-1328.0,1,12,,,"2024-03-16",1,1,,
767,-890.0,1,12,,,"2024-03-17",1,1,,
768,-458.0,1,12,,,"2024-03-19",1,1,,
769,-414.0,1,12,,,"2024-03-20",1,1,,
770,-460.0,1,12,,,"2024-04-05",1,1,,
771,-599.0,1,12,,,"2024-04-12",1,1,,
772,-2360.0,1,12,,,"2024-04-13",1,1,,
773,-1390.0,1,12,,,"2024-04-14",1,1,,
774,-980.0,1,12,,,"2024-04-16",1,1,,
775,-420.0,1,12,,,"2024-04-18",1,1,,
776,-599.0,1,12,,,"2024-04-20",1,1,,
777,-929.0,1,12,,,"2024-04-25",1,1,,
778,-470.0,1,12,,,"2024-04-29",1,1,,
779,-540.0,1,12,,,"2024-05-02",1,1,,
780,-1690.0,1,12,,,"2024-05-05",1,1,,
781,-290.0,1,12,,,"2024-05-07",1,1,,
782,-500.0,1,12,,,"2024-05-08",1,1,,
783,-1563.0,1,12,,,"2024-05-10",1,1,,
784,-1708.0,1,12,,,"2024-05-11",1,1,,
785,-500.0,1,12,,,"2024-05-11",1,1,,
786,-1805.0,1,12,,,"2024-05-11",1,1,,
787,-1300.0,1,12,,,"2024-05-12",1,1,,
788,-1417.0,1,12,,,"2024-05-12",1,1,,
789,-998.0,1,12,,,"2024-05-13",1,1,,
790,-2140.0,1,12,,,"2024-05-14",1,1,,
791,-3670.0,1,12,,,"2024-05-15",1,1,,
792,-1439.0,1,12,,,"2024-05-17",1,1,,
793,-599.0,1,12,,,"2024-05-18",1,1,,
794,-1400.0,1,12,,,"2024-05-19",1,1,,
795,-2230.0,1,12,,,"2024-05-20",1,1,,
796,-520.0,1,12,,,"2024-05-22",1,1,,
797,-1373.0,1,12,,,"2024-05-23",1,1,,
798,-1327.0,1,12,,,"2024-05-25",1,1,,
799,-588.0,1,12,,,"2024-05-27",1,1,,
800,-509.0,1,12,,,"2024-05-28",1,1,,
801,-700.0,1,12,,,"2024-05-29",1,1,,
802,-390.0,1,12,,,"2024-05-30",1,1,,
803,-1800.0,1,12,,,"2024-05-31",1,1,,
804,-1800.0,1,12,,,"2024-06-02",1,1,,
805,-580.0,1,12,,,"2024-06-03",1,1,,
806,-498.0,1,12,,,"2024-06-05",1,1,,
807,-908.0,1,12,,,"2024-06-06",1,1,,
808,-499.0,1,12,,,"2024-06-07",1,1,,
809,-669.0,1,12,,,"2024-06-07",1,1,,
810,-599.0,1,12,,,"2024-06-08",1,1,,
811,-788.0,1,12,,,"2024-06-09",1,1,,
812,-469.0,1,12,,,"2024-06-10",1,1,,
813,-849.0,1,12,,,"2024-06-10",1,1,,
814,-688.0,1,12,,,"2024-06-10",1,1,,
815,-1327.0,1,12,,,"2024-06-16",1,1,,
816,-3080.0,1,12,,,"2024-06-17",1,1,,
817,-1450.0,1,12,,,"2024-06-20",1,1,,
818,-451.0,1,12,,,"2024-06-21",1,1,,
819,-1126.0,1,12,,,"2024-06-21",1,1,,
820,-718.0,1,12,,,"2024-06-21",1,1,,
821,-700.0,1,12,,,"2024-06-23",1,1,,
822,-2550.0,1,12,,,"2024-06-25",1,1,,
823,-638.0,1,12,,,"2024-06-26",1,1,,
824,-3140.0,1,12,,,"2024-06-27",1,1,,
825,-1111.0,1,12,,,"2024-07-08",1,1,,
826,-798.0,1,12,,,"2024-07-08",1,1,,
827,-1463.0,1,12,,,"2024-07-11",1,1,,
828,-1312.0,1,12,,,"2024-07-12",1,1,,
829,-637.0,1,12,,,"2024-07-12",1,1,,
830,-1347.0,1,12,,,"2024-07-13",1,1,,
831,-1690.0,1,12,,,"2024-07-15",1,1,,
832,-2340.0,1,12,,,"2024-07-15",1,1,,
833,-1400.0,1,12,,,"2024-07-22",1,1,,
834,-2524.0,1,12,,,"2024-07-23",1,1,,
835,-1200.0,1,12,,,"2024-07-25",1,1,,
836,-1300.0,1,12,,,"2024-07-28",1,1,,
837,-3798.0,1,12,,,"2024-07-29",1,1,,
838,-1000.0,1,12,,,"2024-07-31",1,1,,
839,-3100.0,1,12,,,"2024-08-01",1,1,,
840,-1018.0,1,12,,,"2024-08-04",1,1,,
841,-1250.0,1,12,,,"2024-08-05",1,1,,
842,-2550.0,1,12,,,"2024-08-05",1,1,,
843,-1516.0,1,12,,,"2024-08-07",1,1,,
844,-1199.0,1,12,,,"2024-08-07",1,1,,
845,-2831.0,1,12,,,"2024-08-11",1,1,,
846,-950.0,1,12,,,"2024-08-12",1,1,,
847,-2440.0,1,12,,,"2024-08-16",1,1,,
848,-450.0,1,12,,,"2024-08-16",1,1,,
849,-900.0,1,12,,,"2024-08-18",1,1,,
850,-899.0,1,12,,,"2024-08-08",1,1,,
851,-799.0,1,12,,,"2024-08-19",1,1,,
852,-2282.0,1,12,,,"2024-08-23",1,1,,
853,-1659.0,1,12,,,"2024-08-23",1,1,,
854,-2300.0,1,12,,,"2024-08-25",1,1,,
855,-984.0,1,12,,,"2024-08-28",1,1,,
856,-1268.0,1,12,,,"2024-08-29",1,1,,
857,-1597.0,1,12,,,"2024-08-29",1,1,,
858,-453.0,1,12,,,"2024-09-03",1,1,,
859,-950.0,1,12,,,"2024-09-05",1,1,,
860,-279.0,1,12,,,"2024-09-07",1,1,,
861,-1530.0,1,12,,,"2024-09-08",1,1,,
862,-280.0,1,12,,,"2024-09-08",1,1,,
863,-550.0,1,12,,,"2024-09-10",1,1,,
864,-890.0,1,12,,,"2024-09-11",1,1,,
865,-990.0,1,12,,,"2024-09-12",1,1,,
866,-4932.0,1,12,,,"2024-09-13",1,1,,
867,-1698.0,1,12,,,"2024-09-15",1,1,,
868,-1350.0,1,12,,,"2024-09-18",1,1,,
869,-1050.0,1,12,,,"2024-09-19",1,1,,
870,-275.0,1,12,,,"2024-09-20",1,1,,
871,-500.0,1,12,,,"2024-09-21",1,1,,
872,-706.0,1,12,,,"2024-09-21",1,1,,
873,-990.0,1,12,,,"2024-09-22",1,1,,
874,-1800.0,1,12,,,"2024-09-23",1,1,,
875,-450.0,1,12,,,"2024-09-25",1,1,,
876,-290.0,1,12,,,"2024-09-24",1,1,,
877,-880.0,1,12,,,"2024-09-24",1,1,,
878,-800.0,1,12,,,"2024-09-26",1,1,,
879,-420.0,1,12,,,"2024-09-27",1,1,,
880,-2980.0,1,12,,,"2024-09-27",1,1,,
881,-598.0,1,12,,,"2024-09-29",1,1,,
882,-2660.0,1,12,,,"2024-10-01",1,1,,
883,-528.0,1,12,,,"2024-10-03",1,1,,
884,-850.0,1,12,,,"2024-10-04",1,1,,
885,-940.0,1,12,,,"2024-10-04",1,1,,
886,-350.0,1,12,,,"2024-10-09",1,1,,
887,-700.0,1,12,,,"2024-10-09",1,1,,
888,-1498.0,1,12,,,"2024-10-10",1,1,,
889,-4200.0,1,12,,,"2024-10-12",1,1,,
890,-420.0,1,12,,,"2024-10-19",1,1,,
891,-4213.0,1,12,,,"2024-10-19",1,1,,
892,-665.0,1,12,,,"2024-10-20",1,1,,
893,-998.0,1,12,,,"2024-10-21",1,1,,
894,-2750.0,1,12,,,"2024-10-25",1,1,,
895,-340.0,1,12,,,"2024-10-28",1,1,,
896,-730.0,1,12,,,"2024-10-29",1,1,,
897,-558.0,1,12,,,"2024-11-02",1,1,,
898,-395.0,1,12,,,"2024-11-04",1,1,,
899,-482.0,1,12,,,"2024-11-05",1,1,,
900,-274.0,1,12,,,"2024-11-05",1,1,,
901,-800.0,1,12,,,"2024-11-06",1,1,,
902,-798.0,1,12,,,"2026-11-07",1,1,,
903,-550.0,1,12,,,"2024-11-08",1,1,,
904,-5512.0,1,12,,,"2024-11-10",1,1,,
905,-941.0,1,12,,,"2024-11-12",1,1,,
906,-600.0,1,12,,,"2024-11-12",1,1,,
907,-2000.0,1,12,,,"2024-11-15",1,1,,
908,-1085.0,1,12,,,"2024-11-16",1,1,,
909,-1343.0,1,12,,,"2024-11-19",1,1,,
910,-450.0,1,12,,,"2024-11-20",1,1,,
911,-1310.0,1,12,,,"2024-11-23",1,1,,
912,-648.0,1,12,,,"2024-11-25",1,1,,
913,-200.0,1,12,,,"2024-11-26",1,1,,
914,-695.0,1,12,,,"2024-11-28",1,1,,
915,-490.0,1,12,,,"2024-11-29",1,1,,
916,-1180.0,1,12,,,"2024-12-04",1,1,,
917,-270.0,1,12,,,"2024-12-05",1,1,,
918,-884.0,1,12,,,"2024-12-11",1,1,,
919,-566.0,1,12,,,"2024-12-12",1,1,,
920,-1398.0,1,12,,,"2024-12-13",1,1,,
921,-390.0,1,12,,,"2024-12-13",1,1,,
922,-1248.0,1,12,,,"2024-12-13",1,1,,
923,-7500.0,1,13,,,"2024-01-10",1,1,,
924,-2580.0,1,13,,,"2024-01-24",1,1,,
925,-3000.0,1,13,,,"2024-02-09",1,1,,
926,-14520.0,1,13,,,"2024-02-09",1,1,,
927,-13064.0,1,13,,,"2024-03-02",1,1,,
928,-2745.0,1,13,,,"2024-04-30",1,1,,
929,-500.0,1,13,,,"2024-05-12",1,1,,
930,-6000.0,1,13,,,"2024-06-07",1,1,,
931,-5590.0,1,13,,,"2024-06-12",1,1,,
932,-7500.0,1,13,,,"2024-06-23",1,1,,
933,-6300.0,1,13,,,"2024-07-12",1,1,,
934,-5630.0,1,13,,,"2024-07-17",1,1,,
935,-7400.0,1,13,,,"2024-07-25",1,1,,
936,-4200.0,1,13,,,"2024-08-07",1,1,,
937,-4588.0,1,13,,,"2024-08-11",1,1,,
938,-2000.0,1,13,,,"2024-08-11",1,1,,
939,-2000.0,1,13,,,"2024-08-12",1,1,,
940,-2300.0,1,13,,,"2024-08-16",1,1,,
941,-6574.0,1,13,,,"2024-08-29",1,1,,
942,-2480.0,1,13,,,"2024-08-29",1,1,,
943,-6000.0,1,13,,,"2024-08-29",1,1,,
944,-2120.0,1,13,,,"2024-09-09",1,1,,
945,-114120.0,1,13,,,"2024-09-15",1,1,,
946,-10400.0,1,13,,,"2024-10-06",1,1,,
947,-5000.0,1,13,,,"2024-10-06",1,1,,
948,-2000.0,1,13,,,"2024-10-13",1,1,,
949,-1000.0,1,13,,,"2024-10-19",1,1,,
950,-4980.0,1,13,,,"2024-10-22",1,1,,
951,-2000.0,1,13,,,"2024-10-23",1,1,,
952,-4800.0,1,13,,,"2024-10-26",1,1,,
953,-3000.0,1,13,,,"2024-10-26",1,1,,
954,-2000.0,1,13,,,"2024-11-15",1,1,,
955,-4400.0,1,13,,,"2024-11-15",1,1,,
956,-71040.0,1,16,38,,"2024-02-10",1,1,,
957,-10500.0,1,16,38,,"2024-05-08",1,1,,
958,-170000.0,1,16,38,,"2024-06-10",1,1,,
959,-130000.0,1,16,38,,"2024-06-12",1,1,,
960,-1300.0,1,16,38,,"2024-06-19",1,1,,
961,-398460.0,1,16,38,,"2024-07-08",1,1,,
962,-21000.0,1,16,38,,"2024-07-17",1,1,,
963,-15000.0,1,16,38,,"2024-08-02",1,1,,
964,-3486.0,1,16,39,,"2024-01-20",1,1,,
965,-1299.0,1,14,,,"2024-01-02",1,1,,
966,-4995.0,1,14,,,"2024-01-02",1,1,,
967,-1500.0,1,14,,,"2024-01-08",1,1,,
968,-1790.0,1,14,,,"2024-01-10",1,1,,
969,-640.0,1,14,,,"2024-01-11",1,1,,
970,-1575.0,1,14,,,"2024-01-17",1,1,,
971,-5690.0,1,14,,,"2024-01-17",1,1,,
972,-819.0,1,14,,,"2024-01-17",1,1,,
973,-3990.0,1,14,,,"2024-01-17",1,1,,
974,-1800.0,1,14,,,"2024-01-19",1,1,,
975,-500.0,1,14,,,"2024-02-01",1,1,,
976,-1850.0,1,14,,,"2024-02-14",1,1,,
977,-1100.0,1,14,,,"2024-02-14",1,1,,
978,-1199.0,1,14,,,"2024-02-14",1,1,,
979,-1777.0,1,14,,,"2024-02-14",1,1,,
980,-3490.0,1,14,,,"2024-02-16",1,1,,
981,-1200.0,1,14,,,"2024-02-21",1,1,,
982,-3700.0,1,14,,,"2024-02-25",1,1,,
983,-1310.0,1,14,,,"2024-02-29",1,1,,
984,-2250.0,1,14,,,"2024-02-29",1,1,,
985,-1290.0,1,14,,,"2024-02-29",1,1,,
986,-1388.0,1,14,,,"2024-03-01",1,1,,
987,-390.0,1,14,,,"2024-03-01",1,1,,
988,-5000.0,1,14,,,"2024-03-01",1,1,,
989,-2086.0,1,14,,,"2024-03-02",1,1,,
990,-2500.0,1,14,,,"2024-03-08",1,1,,
991,-1598.0,1,14,,,"2024-03-08",1,1,,
992,-1390.0,1,14,,,"2024-03-10",1,1,,
993,-1848.0,1,14,,,"2024-03-11",1,1,,
994,-1990.0,1,14,,,"2024-03-15",1,1,,
995,-1495.0,1,14,,,"2024-03-16",1,1,,
996,-3643.0,1,14,,,"2024-03-19",1,1,,
997,-999.0,1,14,,,"2024-03-20",1,1,,
998,-3000.0,1,14,,,"2024-03-27",1,1,,
999,-2656.0,1,14,,,"2024-03-27",1,1,,
1000,-2649.0,1,14,,,"2024-03-30",1,1,,
1001,-2648.0,1,14,,,"2024-04-02",1,1,,
1002,-500.0,1,14,,,"2024-04-05",1,1,,
1003,-3600.0,1,14,,,"2024-04-07",1,1,,
1004,-3490.0,1,14,,,"2024-04-11",1,1,,
1005,-13760.0,1,14,,,"2024-04-13",1,1,,
1006,-1190.0,1,14,,,"2024-04-16",1,1,,
1007,-950.0,1,14,,,"2024-04-18",1,1,,
1008,-1999.0,1,14,,,"2024-04-18",1,1,,
1009,-890.0,1,14,,,"2024-04-20",1,1,,
1010,-450.0,1,14,,,"2024-04-21",1,1,,
1011,-2500.0,1,14,,,"2024-04-22",1,1,,
1012,-1710.0,1,14,,,"2024-04-26",1,1,,
1013,-3435.0,1,14,,,"2024-05-02",1,1,,
1014,-2700.0,1,14,,,"2024-05-05",1,1,,
1015,-800.0,1,14,,,"2024-05-10",1,1,,
1016,-450.0,1,14,,,"2024-05-15",1,1,,
1017,-17000.0,1,14,,,"2024-05-19",1,1,,
1018,-600.0,1,14,,,"2024-05-22",1,1,,
1019,-799.0,1,14,,,"2024-05-31",1,1,,
1020,-1200.0,1,14,,,"2024-06-05",1,1,,
1021,-500.0,1,14,,,"2024-06-12",1,1,,
1022,-568.0,1,14,,,"2024-06-12",1,1,,
1023,-9190.0,1,14,,,"2024-06-13",1,1,,
1024,-1148.0,1,14,,,"2024-06-14",1,1,,
1025,-1800.0,1,14,,,"2024-06-15",1,1,,
1026,-1510.0,1,14,,,"2024-07-08",1,1,,
1027,-1690.0,1,14,,,"2024-07-09",1,1,,
1028,-900.0,1,14,,,"2024-07-09",1,1,,
1029,-5790.0,1,14,,,"2024-07-12",1,1,,
1030,-3495.0,1,14,,,"2024-07-12",1,1,,
1031,-4471.0,1,14,,,"2024-07-19",1,1,,
1032,-1510.0,1,14,,,"2024-07-21",1,1,,
1033,-800.0,1,14,,,"2024-07-24",1,1,,
1034,-1990.0,1,14,,,"2024-07-29",1,1,,
1035,-2580.0,1,14,,,"2024-08-07",1,1,,
1036,-1510.0,1,14,,,"2024-08-12",1,1,,
1037,-990.0,1,14,,,"2024-08-14",1,1,,
1038,-1690.0,1,14,,,"2024-08-15",1,1,,
1039,-900.0,1,14,,,"2024-08-18",1,1,,
1040,-999.0,1,14,,,"2024-08-22",1,1,,
1041,-1490.0,1,14,,,"2024-08-27",1,1,,
1042,-7129.0,1,14,,,"2024-09-11",1,1,,
1043,-2097.0,1,14,,,"2024-09-11",1,1,,
1044,-600.0,1,14,,,"2024-09-11",1,1,,
1045,-1315.0,1,14,,,"2024-09-11",1,1,,
1046,-428.0,1,14,,,"2024-09-12",1,1,,
1047,-1699.0,1,14,,,"2024-09-21",1,1,,
1048,-15000.0,1,14,,,"2024-09-21",1,1,,
1049,-3150.0,1,14,,,"2024-10-01",1,1,,
1050,-2000.0,1,14,,,"2024-10-04",1,1,,
1051,-2230.0,1,14,,,"2024-10-21",1,1,,
1052,-1990.0,1,14,,,"2024-10-25",1,1,,
1053,-2300.0,1,14,,,"2024-10-27",1,1,,
1054,-2250.0,1,14,,,"2024-10-29",1,1,,
1055,-330.0,1,14,,,"2024-10-29",1,1,,
1056,-1450.0,1,14,,,"2024-10-29",1,1,,
1057,-2000.0,1,14,,,"2024-10-30",1,1,,
1058,-1599.0,1,14,,,"2024-11-04",1,1,,
1059,-1999.0,1,14,,,"2024-11-12",1,1,,
1060,-2490.0,1,14,,,"2024-11-13",1,1,,
1061,-2500.0,1,14,,,"2024-11-17",1,1,,
1062,-2780.0,1,14,,,"2024-11-19",1,1,,
1063,-1890.0,1,14,,,"2024-11-27",1,1,,
1064,-2755.0,1,14,,,"2024-11-28",1,1,,
1065,-2000.0,1,14,,,"2024-12-06",1,1,,
1066,-7990.0,1,14,,,"2024-12-10",1,1,,
1067,-1690.0,1,14,,,"2024-12-13",1,1,,
1068,-600.0,1,14,,,"2024-12-13",1,1,,
1069,-12556.0,1,15,,,"2024-02-13",1,1,,
1070,-7029.0,1,15,,,"2024-02-18",1,1,,
1071,-6749.0,1,15,,,"2024-03-08",1,1,,
1072,-1480.0,1,15,,,"2024-03-20",1,1,,
1073,-3550.0,1,15,,,"2024-03-24",1,1,,
1074,-1605.0,1,15,,,"2024-04-02",1,1,,
1075,-7180.0,1,15,,,"2024-04-26",1,1,,
1076,-3000.0,1,15,,,"2024-05-11",1,1,,
1077,-2479.0,1,15,,,"2024-06-21",1,1,,
1078,-3694.0,1,15,,,"2024-07-09",1,1,,
1079,-2458.0,1,15,,,"2024-07-21",1,1,,
1080,-1340.0,1,15,,,"2024-07-23",1,1,,
1081,-3849.0,1,15,,,"2024-07-23",1,1,,
1082,-1000.0,1,15,,,"2024-08-01",1,1,,
1083,-1400.0,1,15,,,"2024-08-19",1,1,,
1084,-1355.0,1,15,,,"2024-10-26",1,1,,
1085,-2600.0,1,15,,,"2024-11-05",1,1,,
1086,-7280.0,1,15,,,"2024-11-09",1,1,,
1087,-1318.0,1,15,,,"2024-11-19",1,1,,
1096,312312.0,1,1,1,,"2026-03-03",1,2,1,TESZT
1097,2121.0,1,1,,,"2026-03-03",1,2,1,TESZT
1098,-4453.0,1,7,12,,"2024-12-06",1,2,1,""
1099,-1890.0,1,8,17,,"2024-12-10",1,2,1,""
1100,-2551.0,1,9,20,,"2024-12-06",1,2,1,""
1101,-490.0,1,9,20,,"2024-12-21",1,2,1,""
1102,-314.0,1,10,28,,"2024-01-18",1,2,1,""
1103,-2400.0,1,3,,,"2024-01-13",1,2,1,""
1104,-4125.0,1,7,14,,"2024-01-12",1,2,1,""
1105,-1181.0,1,7,15,,"2024-01-07",1,2,1,""
1106,-4480.0,1,11,,,"2024-12-30",1,2,1,""
1107,-4747.0,1,11,,,"2024-12-30",1,2,1,""
1108,-1500.0,1,12,33,,"2024-12-04",1,1,,
1109,-2930.0,1,12,33,,"2024-12-06",1,1,,
1110,-215.0,1,12,33,,"2024-12-09",1,1,,
1111,-203.0,1,12,33,,"2024-12-10",1,1,,
1112,-4500.0,1,12,33,,"2024-12-10",1,1,,
1113,-2980.0,1,12,33,,"2024-12-11",1,1,,
1114,-1575.0,1,12,33,,"2024-12-13",1,1,,
1115,-2800.0,1,12,33,,"2024-12-16",1,1,,
1116,-3940.0,1,12,33,,"2024-12-17",1,1,,
1117,-780.0,1,12,32,,"2024-12-31",1,1,,
1118,-1180.0,1,12,32,,"2024-12-04",1,1,,
1119,-270.0,1,12,32,,"2024-12-05",1,1,,
1120,-884.0,1,12,32,,"2024-12-11",1,1,,
1121,-566.0,1,12,32,,"2024-12-12",1,1,,
1122,-1398.0,1,12,32,,"2024-12-13",1,1,,
1123,-390.0,1,12,32,,"2024-12-13",1,1,,
1124,-1248.0,1,12,32,,"2024-12-13",1,1,,
1125,-420.0,1,12,32,,"2024-12-16",1,1,,
1126,-2180.0,1,12,32,,"2024-12-16",1,1,,
1127,-3800.0,1,13,,,"2024-01-17",1,2,1,""
1128,-76300.0,1,16,38,,"2024-12-19",1,2,1,""
1129,-2000.0,1,14,,,"2024-12-06",1,1,,
1130,-7990.0,1,14,,,"2024-12-10",1,1,,
1131,-1690.0,1,14,,,"2024-12-13",1,1,,
1132,-600.0,1,14,,,"2024-12-13",1,1,,
1133,-9480.0,1,14,,,"2024-12-15",1,1,,
1134,-1490.0,1,14,,,"2024-12-16",1,1,,
1135,-6598.0,1,14,,,"2024-12-18",1,1,,
1136,-7280.0,1,14,,,"2024-12-21",1,1,,
1137,-1330.0,1,14,,,"2024-12-23",1,1,,
1138,-3995.0,1,14,,,"2024-12-25",1,1,,
1139,-5442.0,1,14,,,"2024-12-28",1,1,,
1140,-1499.0,1,14,,,"2024-12-30",1,1,,
1141,10000.0,1,2,,,"2024-12-15",1,2,1,""
1142,2500.0,1,2,,,"2024-12-19",1,2,1,""
1143,2500.0,1,2,,,"2024-12-30",1,2,1,""
1144,20000.0,1,6,,,"2024-12-24",1,2,1,""
1150,158875.0,1,1,1,,"2024-12-10",1,2,1,""
1151,12000.0,1,2,,,"2024-12-31",1,2,1,összesített korrigált
1152,1943.0,1,5,6,,"2024-12-03",1,2,1,""
1153,2500.0,1,2,,,"2025-01-02",1,2,1,""
1154,7000.0,1,2,,,"2025-01-06",1,2,1,""
1155,-4453.0,1,7,12,,"2025-01-06",1,2,1,""
1156,-500.0,1,10,28,,"2025-01-04",1,2,1,""
1157,-400.0,1,3,,,"2025-01-06",2,2,1,""
1158,-690.0,1,7,42,,"2025-01-04",1,2,1,Google tárhely | kategóriába fevéve?
1159,-2247.0,1,12,33,,"2025-01-02",1,2,1,""
1160,-2680.0,1,12,33,,"2025-01-02",1,2,1,""
1161,-2590.0,1,12,33,,"2025-01-04",1,2,1,""
1162,-3211.0,1,12,33,,"2025-01-05",1,2,1,""
1163,-1290.0,1,12,32,,"2025-01-01",1,2,1,""
1164,-1200.0,1,12,32,,"2025-01-02",1,2,1,""
1165,-490.0,1,12,32,,"2025-01-06",1,2,1,""
1166,-780.0,1,12,32,,"2025-01-07",1,2,1,""
1167,-1750.0,1,12,32,,"2025-01-07",1,2,1,""
1168,-499.0,1,14,,,"2025-01-07",1,2,1,""
1169,-890.0,1,10,30,,"2025-01-06",1,2,1,""
1170,-1212.0,1,7,15,,"2025-01-08",2,2,1,""
1171,2500.0,1,2,,,"2025-01-09",1,2,1,""
1172,-1008.0,1,12,33,,"2025-01-09",1,2,1,""
1173,-400.0,1,3,,,"2025-01-10",2,2,1,Hatoslottó
1174,-3298.0,1,14,,,"2025-01-10",1,2,1,""
1175,146575.0,1,1,1,,"2025-01-10",1,2,1,""
1176,-1890.0,1,8,17,,"2025-01-10",1,2,1,""
1177,-349.0,1,10,28,,"2025-01-10",1,2,1,""
1178,-2018.0,1,12,32,,"2025-01-10",1,2,1,""
1181,1670.0,1,5,6,,"2025-01-06",1,2,0,""
1182,-4172.0,1,7,14,,"2025-01-12",2,2,1,""
1183,-4130.0,1,12,33,,"2025-01-13",1,2,1,Bellozzo
1184,-430.0,1,12,32,,"2025-01-13",1,2,1,""
1185,100.0,1,5,5,,"2025-01-13",1,2,0,""
1186,6000.0,1,6,,,"2025-01-14",3,2,0,Executor kiegészítés
1187,-26885.0,1,11,49,,"2025-01-14",2,2,1,LEGO Executor
1188,355.0,1,10,28,,"2025-01-14",1,2,1,""
1189,-1940.0,1,12,33,,"2025-01-15",1,2,1,KFC
1190,2500.0,1,2,,,"2025-01-16",1,2,0,""
1191,-254.0,1,12,32,,"2025-01-16",1,2,1,""
1192,-580.0,1,12,32,,"2025-01-16",1,2,1,""
1193,-1467.0,1,12,32,,"2025-01-16",1,2,1,""
1194,-999.0,1,10,30,,"2025-01-17",1,2,0,hűtőfolyadék
1195,-4490.0,1,14,,,"2025-01-17",1,2,1,LEGO
1196,-2299.0,1,11,49,,"2025-01-17",1,2,1,LEGO SW magazin
1197,-400.0,1,3,,,"2025-01-18",1,2,1,Hatoslottó
1198,-1200.0,1,14,,,"2025-01-18",1,2,1,""
1199,-200.0,1,10,28,,"2025-01-20",1,2,1,""
1200,-425.0,1,10,28,,"2025-01-20",1,2,0,""
1201,-490.0,1,9,20,,"2025-01-20",1,2,1,havidíj
1202,-400.0,1,10,28,,"2025-01-21",1,2,1,""
1203,-400.0,1,3,,,"2025-01-21",1,2,1,Hatoslottó
1204,-3504.0,1,12,33,,"2025-01-22",1,2,1,M-eating
1205,-2500.0,1,14,,,"2025-01-22",1,2,1,Tiger
1206,20000.0,1,6,,,"2025-01-22",3,2,0,""
1207,2500.0,1,2,,,"2025-01-23",1,2,0,""
1208,-65000.0,1,10,43,,"2025-01-22",3,2,0,Fékmunkahenger
1209,-27000.0,1,10,43,,"2025-01-22",3,2,0,Műszaki vizsga
1210,-35102.0,1,10,27,,"2025-01-04",2,2,0,MOL
1211,-599.0,1,12,32,,"2025-01-23",1,2,1,""
1212,-4220.0,1,13,34,,"2025-01-23",1,2,1,mozi
1213,-3080.0,1,13,34,,"2025-01-23",1,2,0,mozi - nasi
1214,-4708.0,1,12,33,,"2025-01-24",1,2,1,""
1215,-1144.0,1,12,32,,"2025-01-25",1,2,1,Tesco
1216,-9280.0,1,10,30,,"2025-01-26",2,2,1,ablaktörlő lapát
1217,-297.0,1,12,32,,"2025-01-26",2,2,1,""
1218,-650.0,1,12,32,,"2025-01-28",1,2,1,""
1219,-30000.0,1,10,27,,"2025-01-28",2,2,0,""
1220,-5000.0,1,13,36,,"2025-01-28",1,2,1,korcsolyapálya
1221,-1500.0,1,13,,,"2025-01-28",1,2,1,korcsolya bérlés
1222,-3380.0,1,12,33,,"2025-01-28",1,2,1,KFC
1223,2500.0,1,2,,,"2025-01-30",1,2,0,""
1224,-419.0,1,12,33,,"2025-01-30",1,2,1,FreshCorner
1225,-1990.0,1,10,29,,"2025-01-30",1,2,1,IMO
1226,-1694.0,1,12,32,,"2025-01-30",1,2,1,""
1227,-1689.0,1,10,30,,"2025-01-30",1,2,1,Fagyálló + víz
1228,-400.0,1,3,,,"2025-01-31",1,2,1,Ötöslottó
1229,-1899.0,1,14,,,"2025-02-01",1,2,1,virág
1231,532.0,1,5,6,,"2025-02-03",1,2,0,""
1232,-690.0,1,7,42,,"2025-02-04",1,2,1,""
1233,-42200.0,1,11,,,"2025-02-05",2,2,1,VGA kártya
1234,-680.0,1,12,32,,"2025-02-05",1,2,1,""
1235,2500.0,1,2,,,"2025-02-06",1,2,0,""
1236,6000.0,1,2,,,"2025-02-06",1,2,0,""
1237,-4795.0,1,7,12,,"2025-02-06",1,2,1,""
1238,-3180.0,1,12,33,,"2025-02-07",1,2,1,KFC
1239,-400.0,1,3,,,"2025-02-07",1,2,1,Ötöslottó
1240,-1185.0,1,7,15,,"2025-02-07",2,2,1,""
1241,-840.0,1,12,32,,"2025-02-08",1,2,1,EcoFamily
1242,161950.0,1,1,1,,"2025-02-10",1,2,0,""
1244,-1890.0,1,8,17,,"2025-02-11",1,2,1,""
1245,-100000.0,1,10,43,,"2025-02-12",3,2,0,"vízpumpa, porlasztó tömítés, turbó cső"
1246,-293410.0,1,16,38,,"2025-02-12",2,2,1,GKI
1247,-175.0,1,10,28,,"2025-02-12",1,2,1,""
1248,-2900.0,1,12,33,,"2025-02-12",1,2,1,Gyros
1249,2500.0,1,2,,,"2025-02-13",1,2,0,""
1250,-4050.0,1,7,14,,"2025-02-13",2,2,1,""
1251,-5000.0,1,13,34,,"2025-02-14",1,2,1,Uránia
1252,-1999.0,1,14,,,"2025-02-14",1,2,1,virág
1253,-6480.0,1,12,33,,"2025-02-14",1,2,1,Vapiano
1254,-810.0,1,16,38,,"2025-02-15",1,2,1,nyomtatás
1255,-6050.0,1,14,,,"2025-02-15",1,2,1,YoyoSo
1256,-400.0,1,3,,,"2025-02-15",1,2,1,Ötöslottó
1257,-1590.0,1,12,33,,"2025-02-15",1,2,1,KFC
1258,-1098.0,1,12,32,,"2025-02-15",1,2,1,""
1259,-8370.0,1,13,34,,"2025-02-16",1,2,1,""
1260,-1500.0,1,1,,,"2025-02-16",2,2,0,""
1261,-500.0,1,10,28,,"2025-02-16",2,2,1,""
1262,-2760.0,1,15,,,"2025-02-17",1,2,1,szövegkiemelő
1263,-548.0,1,12,32,,"2025-02-18",1,2,1,Spar
1264,-29700.0,1,10,27,,"2025-02-17",2,2,0,""
1265,-1525.0,1,13,,,"2025-02-18",1,2,1,billiárd
1266,-1411.0,1,12,32,,"2025-02-18",1,2,1,""
1267,-770.0,1,12,32,,"2025-02-18",1,2,1,""
1268,-3980.0,1,16,39,,"2025-02-19",1,2,1,Pirex
1269,-858.0,1,12,32,,"2025-02-19",1,2,1,""
1270,-990.0,1,12,33,,"2025-02-19",1,2,1,""
1271,-1380.0,1,12,33,,"2025-02-20",1,2,1,""
1272,-3428.0,1,9,22,,"2025-02-20",2,2,1,""
1273,-400.0,1,3,,,"2025-02-21",1,2,1,Hatoslottó
1274,-5000.0,1,1,,,"2025-02-21",1,2,0,TESZT
1275,-490.0,1,9,20,,"2025-02-21",1,2,1,havidíj
1276,-4798.0,1,12,33,,"2025-02-21",1,2,1,Smashy
1277,-2000.0,1,11,49,,"2025-02-21",1,2,1,LEGO SW magazin
1278,-2100.0,1,14,,,"2025-02-21",1,2,1,virág
1279,2500.0,1,2,,,"2025-02-20",1,2,0,""
1280,-1208.0,1,12,32,,"2025-02-23",1,2,1,""
1281,-1590.0,1,12,33,,"2025-02-24",1,2,1,KFC
1282,-1127.0,1,12,32,,"2025-02-24",1,2,1,""
1283,-1500.0,1,10,28,,"2025-02-25",2,2,1,Westend
1284,-990.0,1,12,32,,"2025-02-25",2,2,1,""
1285,-1199.0,1,12,33,,"2025-02-26",1,2,1,Spar ToGo
1286,-650.0,1,12,32,,"2025-02-26",1,2,1,""
1287,2500.0,1,2,,,"2025-02-27",1,2,0,""
1288,-620.0,1,12,32,,"2025-02-27",1,2,1,""
1289,-1290.0,1,12,33,,"2025-02-27",1,2,1,""
1290,-736.0,1,12,32,,"2025-02-28",1,2,1,""
1291,-400.0,1,3,,,"2025-03-02",1,2,1,Hatoslottó
1292,-1590.0,1,7,13,,"2025-03-01",2,2,1,""
1293,-1000.0,1,12,32,,"2025-03-01",1,2,1,""
1294,-24725.0,1,12,33,,"2025-03-02",2,2,0,Vogue
1295,-739.0,1,12,32,,"2025-03-03",1,2,1,""
1296,-645.0,1,10,28,,"2025-03-03",1,2,1,""
1297,-2099.0,1,14,,,"2025-03-03",2,2,1,virág
1298,1034.0,1,5,6,,"2025-03-04",1,2,0,""
1299,-690.0,1,7,42,,"2025-03-04",1,2,1,""
1300,-1000.0,1,12,32,,"2025-03-04",1,2,1,""
1301,-829.0,1,12,32,,"2025-03-05",1,2,1,""
1302,-715.0,1,10,28,,"2025-03-05",1,2,1,""
1303,-31702.0,1,10,27,,"2025-03-05",2,2,0,""
1304,-1990.0,1,10,29,,"2025-03-05",2,2,0,""
1305,7000.0,1,2,,,"2025-03-06",1,2,0,""
1306,2500.0,1,2,,,"2025-03-06",1,2,0,""
1307,-4890.0,1,7,12,,"2025-03-06",1,2,1,""
1308,-398.0,1,12,32,,"2025-03-06",1,2,1,""
1309,-1590.0,1,12,33,,"2025-03-06",1,2,1,KFC
1310,-715.0,1,12,32,,"2025-03-07",1,2,1,""
1311,-1500.0,1,14,,,"2025-03-07",1,2,1,""
1312,-400.0,1,3,,,"2025-03-08",1,2,1,Ötöslottó
1313,-1500.0,1,14,,,"2025-03-08",2,2,1,virág
1314,-2597.0,1,14,,,"2025-03-08",2,2,1,virág
1315,-1600.0,1,14,,,"2025-03-08",2,2,1,virág
1316,149650.0,1,1,1,,"2025-03-10",1,2,0,""
1317,-12264.0,1,7,,,"2025-03-10",1,2,1,ESET Internet Security 2 db éves
1318,-299.0,1,12,32,,"2025-03-11",1,2,1,""
1319,-1112.0,1,7,15,,"2025-03-11",1,2,1,""
1320,-3675.0,1,13,,,"2025-03-11",1,2,1,billiárd
1321,-4330.0,1,12,33,,"2025-03-11",1,2,1,Bellozzo
1322,-2490.0,1,16,39,,"2025-03-12",1,2,1,Mateking
1323,-1030.0,1,12,32,,"2025-03-12",1,2,1,""
1324,-4024.0,1,7,14,,"2025-03-12",2,2,1,MEGA
1325,2500.0,1,2,,,"2025-03-13",1,2,0,""
1326,-1890.0,1,8,17,,"2025-03-13",1,2,1,""
1327,-1279.0,1,12,32,,"2025-03-13",1,2,1,""
1328,-2297.0,1,12,32,,"2025-03-13",1,2,1,""
1329,-3170.0,1,12,33,,"2025-03-13",1,2,1,Bellozzo
1330,-500.0,1,10,28,,"2025-03-13",1,2,1,""
1331,-699.0,1,12,33,,"2025-03-14",1,2,1,""
1332,-2299.0,1,11,49,,"2025-03-16",1,2,1,LEGO SW magazin
1333,-1287.0,1,12,32,,"2025-03-16",1,2,1,""
1334,-400.0,1,3,,,"2025-03-16",1,2,1,Hatoslottó
1335,2620.0,1,3,,,"2025-03-16",1,2,0,""
1336,-1140.0,1,12,32,,"2025-03-17",1,2,1,""
1337,-1790.0,1,14,,,"2025-03-18",1,2,1,""
1338,-8000.0,1,13,36,,"2025-03-19",2,2,0,Gyűrűavató
1339,-1440.0,1,12,33,,"2025-03-19",1,2,1,""
1340,-490.0,1,9,20,,"2025-03-21",1,2,1,havidíj
1341,-400.0,1,3,,,"2025-03-21",1,2,1,Hatoslottó
1342,-2000.0,1,12,33,,"2025-03-20",1,2,1,""
1343,-550.0,1,12,32,,"2025-03-20",1,2,1,""
1344,-1750.0,1,12,,,"2025-03-21",1,2,1,fagyi
1345,-200.0,1,10,28,,"2025-03-21",1,2,1,""
1346,-1099.0,1,12,32,,"2025-03-23",1,2,1,""
1347,-4490.0,1,7,,,"2025-03-24",1,2,0,fodrász
1348,-710.0,1,12,32,,"2025-03-26",1,2,1,""
1349,-3252.0,1,9,20,,"2025-03-27",1,2,1,""
1350,-16999.0,1,11,52,,"2025-03-14",1,2,0,kabát
1351,-5498.0,1,11,52,,"2025-02-28",2,2,0,kabátok - Háda
1352,2500.0,1,2,,,"2025-03-27",1,2,0,""
1353,-1240.0,1,12,33,,"2025-03-27",1,2,1,""
1354,-699.0,1,14,,,"2025-03-27",1,2,1,""
1355,-4180.0,1,12,33,,"2025-03-27",1,2,1,Bellozzo
1356,-599.0,1,14,,,"2025-03-28",1,2,1,""
1357,-1999.0,1,11,51,,"2025-03-28",1,2,1,fogkefe
1358,-2630.0,1,14,,,"2025-03-28",1,2,1,""
1359,-400.0,1,3,,,"2025-03-29",1,2,1,Hatoslottó
1360,-30000.0,1,10,27,,"2025-03-28",2,2,0,""
1361,-597.0,1,12,32,,"2025-03-31",1,2,1,""
1362,-749.0,1,12,32,,"2025-03-31",1,2,1,""
1363,-1590.0,1,12,33,,"2025-04-01",1,2,1,KFC
1364,-2747.0,1,14,,,"2025-04-01",1,2,1,""
1365,-4865.0,1,12,33,,"2025-04-02",1,2,1,IKEA
1366,-1990.0,1,10,29,,"2025-04-02",1,2,1,""
1367,-21500.0,1,10,43,,"2025-04-01",3,2,0,kerékcsere
1368,2500.0,1,2,,,"2025-04-03",1,2,0,""
1369,-439.0,1,12,32,,"2025-04-04",1,2,1,""
1370,-690.0,1,7,42,,"2025-04-04",1,2,1,""
1371,-2370.0,1,10,28,,"2025-04-05",1,2,0,""
1372,20000.0,1,6,,,"2025-04-05",3,2,0,""
1373,7000.0,1,2,,,"2025-04-07",1,2,0,""
1374,-4453.0,1,7,12,,"2025-04-07",1,2,1,""
1375,-499.0,1,12,32,,"2025-04-09",1,2,1,""
1376,-848.0,1,12,32,,"2025-04-09",1,2,1,""
1377,2500.0,1,2,,,"2025-04-10",1,2,0,""
1378,147600.0,1,1,1,,"2025-04-10",1,2,0,""
1379,-990.0,1,12,32,,"2025-04-10",1,2,1,""
1380,-630.0,1,12,32,,"2025-04-10",1,2,1,""
1381,-2000.0,1,14,,,"2025-04-10",1,2,1,""
1382,-12600.0,1,11,49,,"2025-04-10",2,2,1,LEGO 75401
1383,-799.0,1,14,,,"2025-04-10",1,2,1,""
1384,-1104.0,1,7,15,,"2025-04-10",2,2,1,""
1385,-15833.0,1,11,52,,"2025-04-11",1,2,1,gyűrű
1386,-5000.0,1,16,39,,"2025-04-11",2,2,1,Hallgatói mulasztásból eredő határidőn túli tantárgyfelvétel díja
1387,-400.0,1,3,,,"2025-04-11",1,2,1,Hatoslottó
1388,159.0,1,5,6,,"2025-04-03",1,2,0,""
1389,-2374.0,1,12,32,,"2025-04-12",1,2,1,""
1390,-2000.0,1,11,,,"2025-04-12",1,2,1,Rossman
1391,-1135.0,1,10,28,,"2025-04-13",1,2,1,""
1392,-3000.0,1,10,29,,"2025-04-13",3,2,0,""
1393,-4119.0,1,7,14,,"2025-04-13",2,2,1,""
1394,-33026.0,1,10,27,,"2025-04-13",2,2,0,""
1395,-999.0,1,12,32,,"2025-04-13",1,2,1,""
1396,-582.0,1,10,28,,"2025-04-14",1,2,1,""
1397,-7710.0,1,12,33,,"2025-04-14",1,2,1,""
1398,-600.0,1,10,28,,"2025-04-14",1,2,1,""
1399,-550.0,1,12,32,,"2025-04-15",1,2,1,""
1400,-6700.0,1,13,36,,"2025-04-18",2,2,1,MOL-torony
1401,-1956.0,1,12,32,,"2025-04-19",1,2,1,""
1402,-440.0,1,10,28,,"2025-04-18",1,2,1,""
1403,-490.0,1,9,20,,"2025-04-21",1,2,1,""
1404,10000.0,1,6,,,"2025-04-22",3,2,0,""
1405,-6000.0,1,11,,,"2025-04-22",2,2,1,Leander Kills CD
1406,-3000.0,1,14,,,"2025-04-22",1,2,1,""
1407,-550.0,1,12,32,,"2025-04-22",1,2,1,""
1408,-1600.0,1,12,32,,"2025-04-23",1,2,1,fagyi
1409,-385.0,1,10,28,,"2025-04-23",1,2,1,""
1410,-1200.0,1,12,32,,"2025-04-23",1,2,1,""
1411,2500.0,1,2,,,"2025-04-24",1,2,0,""
1412,-1210.0,1,12,32,,"2025-04-24",1,2,1,""
1413,-6000.0,1,11,52,,"2025-04-23",2,2,1,""
1414,2500.0,1,2,,,"2026-03-03",1,2,0,""
1415,-1790.0,1,12,32,,"2025-04-25",1,2,1,""
1416,-2580.0,1,10,43,,"2025-04-26",1,2,1,Szervófolyadék
1417,-1800.0,1,14,,,"2025-04-26",1,2,1,""
1418,-3080.0,1,12,33,,"2025-04-27",1,2,1,Bellozzo
1419,-540.0,1,12,32,,"2025-04-28",1,2,1,""
1420,-830.0,1,10,28,,"2025-04-29",1,2,1,""
1421,-600.0,1,10,28,,"2025-04-30",1,2,1,""
1422,-1212.0,1,12,32,,"2025-04-30",1,2,1,""
1423,-1000.0,1,12,33,,"2025-05-01",1,2,1,""
1424,-1500.0,1,12,33,,"2025-05-01",1,2,1,""
1425,-895.0,1,10,28,,"2025-05-01",1,2,1,""
1426,-419.0,1,12,32,,"2025-05-01",1,2,1,""
1427,-910.0,1,12,32,,"2025-05-01",1,2,1,""
1428,-33759.0,1,10,27,,"2025-04-28",2,2,0,""
1429,-449.0,1,12,32,,"2025-05-02",1,2,1,""
1430,-570.0,1,12,32,,"2025-05-03",1,2,1,""
1431,-9470.0,1,14,,,"2025-05-03",2,2,1,""
1432,-4190.0,1,12,33,,"2025-05-03",2,2,1,Moto
1433,-690.0,1,7,42,,"2025-05-04",1,2,1,""
1434,2500.0,1,2,,,"2025-05-05",1,2,0,""
1435,338.0,1,5,6,,"2025-05-05",1,2,0,""
1436,-3950.0,1,12,33,,"2025-05-05",2,2,1,Sushi Time
1437,7000.0,1,2,,,"2025-05-07",1,2,0,""
1438,-699.0,1,12,33,,"2025-05-06",1,2,1,""
1439,-419.0,1,12,32,,"2025-05-06",1,2,1,""
1440,-419.0,1,12,32,,"2025-05-07",1,2,1,""
1441,-699.0,1,12,33,,"2025-05-07",1,2,1,""
1442,-1265.0,1,12,33,,"2025-05-07",1,2,1,""
1443,-4624.0,1,7,12,,"2025-05-07",1,2,1,""
1444,2500.0,1,2,,,"2025-05-08",1,2,0,""
1445,-490.0,1,12,32,,"2025-05-08",1,2,1,""
1446,-1405.0,1,10,28,,"2025-05-08",1,2,1,""
1447,134075.0,1,1,44,,"2025-05-09",1,2,0,""
1448,-1200.0,1,12,32,,"2025-05-09",1,2,1,""
1449,-456.0,1,12,32,,"2025-05-09",1,2,1,""
1450,126500.0,1,1,1,,"2025-05-09",4,2,0,""
1451,-7740.0,1,12,33,,"2025-05-09",4,2,1,""
1452,-6998.0,1,14,,,"2025-05-09",4,2,1,""
1453,-1092.0,1,7,15,,"2025-05-11",2,2,1,""
1454,-1553.0,1,12,32,,"2025-05-09",1,2,1,""
1455,-600.0,1,12,32,,"2025-05-11",1,2,1,""
1456,-200.0,1,10,27,,"2025-05-11",1,2,1,""
1457,-450.0,1,12,32,,"2025-05-11",4,2,1,""
1458,-5500.0,1,14,,,"2025-05-11",4,2,1,Primark
1459,-920.0,1,11,,,"2025-05-11",4,2,1,""
1460,-4087.0,1,7,14,,"2025-05-13",1,2,1,""
1461,-30873.0,1,10,27,,"2025-05-13",2,2,0,""
1462,2500.0,1,2,,,"2025-05-15",1,2,0,""
1463,-1390.0,1,12,33,,"2025-05-15",1,2,1,kínai
1464,-440.0,1,10,28,,"2025-05-15",1,2,1,""
1465,-1890.0,1,8,17,,"2025-05-15",1,2,1,""
1466,-2980.0,1,13,34,,"2025-05-14",4,2,1,""
1467,-2340.0,1,13,34,,"2025-05-14",4,2,1,""
1468,-1999.0,1,14,,,"2025-05-14",4,2,1,""
1469,-2635.0,1,12,32,,"2025-05-15",4,2,1,""
1470,-1925.0,1,12,32,,"2025-05-19",1,2,1,""
1471,-490.0,1,9,20,,"2025-05-21",1,2,1,havidíj
1472,-550.0,1,12,32,,"2025-05-19",1,2,1,""
1473,-200.0,1,10,28,,"2025-05-21",1,2,1,""
1474,-2980.0,1,12,33,,"2025-05-21",1,2,1,KFC
1475,-395.0,1,10,28,,"2025-05-21",1,2,1,""
1476,-2580.0,1,10,30,,"2025-05-21",1,2,1,Szervófolyadék
1477,-550.0,1,12,32,,"2025-05-16",4,2,1,""
1478,-2740.0,1,12,33,,"2025-05-17",4,2,1,Burger King
1479,-449.0,1,12,32,,"2025-05-18",4,2,1,""
1480,-699.0,1,12,33,,"2025-05-20",4,2,1,""
1481,-1725.0,1,12,32,,"2025-05-20",4,2,1,""
1482,-900.0,1,12,32,,"2025-05-20",4,2,1,""
1483,-800.0,1,10,30,,"2025-05-20",4,2,1,ablakmosó
1484,-699.0,1,12,33,,"2025-05-16",1,2,1,""
1485,-419.0,1,12,32,,"2025-05-16",1,2,1,""
1486,-7000.0,1,14,,,"2025-05-16",1,2,1,Primark táska
1487,-2530.0,1,12,33,,"2025-05-16",1,2,1,IKEA
1488,-8800.0,1,13,36,,"2025-05-18",1,2,1,strand
1489,2500.0,1,2,,,"2025-05-22",1,2,0,""
1490,-9458.0,1,14,,,"2025-05-22",1,2,1,""
1491,-830.0,1,12,32,,"2025-05-22",1,2,1,""
1492,-553.0,1,10,28,,"2025-05-22",1,2,1,""
1493,-799.0,1,12,32,,"2025-05-22",1,2,1,""
1494,-1000.0,1,3,,,"2025-05-22",4,2,1,sorsjegy
1495,2000.0,1,6,,,"2025-05-23",3,2,0,gyereknap
1496,5000.0,1,6,,,"2025-05-24",3,2,0,gyereknap
1497,-1940.0,1,12,33,,"2025-05-24",1,2,1,fagyi
1498,-721.0,1,12,32,,"2025-05-22",1,2,1,""
1499,-1900.0,1,12,33,,"2025-05-25",4,2,1,churros
1500,-200.0,1,12,32,,"2025-05-26",4,2,1,""
1501,-3950.0,1,12,33,,"2025-05-26",1,2,1,sushi
1502,-4000.0,1,16,39,,"2025-05-27",1,2,1,aláíráspótlás
1503,-1600.0,1,12,32,,"2025-05-28",1,2,1,zacskós leves
1504,-164.0,1,12,32,,"2025-05-28",1,2,1,Príma
1505,-4680.0,1,11,53,,"2025-05-28",1,2,1,Bluetooth adapter
1507,-545.0,1,10,28,,"2025-05-28",1,2,1,""
1508,2500.0,1,2,,,"2025-05-29",1,2,0,""
1509,-900.0,1,10,29,,"2025-05-29",4,2,1,""
1510,-2540.0,1,12,33,,"2025-05-29",1,2,1,KFC
1511,-1590.0,1,7,13,,"2025-05-29",1,2,1,""
1512,-31539.0,1,10,27,,"2025-05-29",2,2,0,""
1513,-1100.0,1,14,,,"2025-05-29",1,2,1,""
1514,-899.0,1,12,32,,"2025-05-29",1,2,1,""
1515,-429.0,1,12,32,,"2025-05-30",1,2,1,""
1516,-1618.0,1,12,33,,"2025-05-31",1,2,1,Cafe Frei
1517,-3450.0,1,12,32,,"2025-05-31",1,2,1,""
1518,-2075.0,1,12,33,,"2025-06-01",1,2,1,Sushi Time
1519,-1990.0,1,10,29,,"2025-06-02",1,2,1,""
1520,-390.0,1,12,32,,"2025-06-03",1,2,1,""
1521,-350.0,1,12,32,,"2025-06-03",1,2,1,""
1522,552.0,1,5,6,,"2025-06-03",1,2,0,""
1523,-690.0,1,7,42,,"2025-06-04",1,2,1,""
1524,-3830.0,1,12,33,,"2025-06-04",1,2,1,Fruitissimo
1525,-1048.0,1,12,32,,"2025-06-04",1,2,1,""
1526,2500.0,1,2,,,"2025-06-05",1,2,0,""
1527,-490.0,1,12,33,,"2025-06-06",1,2,1,""
1528,7000.0,1,2,,,"2025-06-06",1,2,0,""
1529,-576.0,1,12,32,,"2025-06-07",1,2,1,""
1530,-2489.0,1,9,20,,"2025-06-07",1,2,1,""
1531,-2320.0,1,12,33,,"2025-06-07",2,2,1,""
1532,-1595.0,1,10,28,,"2025-06-07",1,2,1,""
1533,-3330.0,1,12,33,,"2025-06-08",1,2,1,Smashy
1534,366828.0,1,1,44,,"2025-06-10",1,2,0,""
1535,-4624.0,1,7,12,,"2025-06-10",1,2,1,""
1536,5411.0,1,12,33,,"2025-06-09",2,2,1,Sütit akarok!
1537,93500.0,1,1,1,,"2025-06-10",4,2,0,""
1538,-1800.0,1,12,32,,"2025-06-10",1,2,1,""
1539,-2188.0,1,14,,,"2025-06-10",1,2,1,""
1540,-6460.0,1,12,33,,"2025-06-10",1,2,1,Bellozzo
1541,-1000.0,1,10,30,,"2025-06-10",1,2,1,törlőkendő
1542,-2000.0,1,12,32,,"2025-06-10",1,2,1,Dm
1543,-300.0,1,10,28,,"2025-06-10",1,2,1,""
1544,-3850.0,1,12,33,,"2025-06-11",1,2,1,Vapiano
1545,-440.0,1,12,32,,"2025-06-11",1,2,1,""
1546,-1049.0,1,7,15,,"2025-06-11",2,2,1,""
1547,2500.0,1,2,,,"2025-06-12",1,2,0,""
1548,-1800.0,1,12,32,,"2025-06-12",1,2,1,""
1549,-2980.0,1,12,33,,"2025-06-12",1,2,1,KFC
1550,-4039.0,1,7,14,,"2025-06-13",2,2,1,""
1551,-2832.0,1,12,33,,"2025-06-13",1,2,1,""
1552,-500.0,1,10,28,,"2025-06-13",1,2,1,""
1553,-1290.0,1,11,52,,"2025-06-13",1,2,1,talpbetét
1554,-1500.0,1,14,,,"2025-06-13",1,2,1,""
1555,-1090.0,1,12,32,,"2025-06-14",1,2,1,""
1556,-1500.0,1,10,29,,"2025-06-14",1,2,1,""
1557,-3180.0,1,12,33,,"2025-06-14",1,2,1,Fruitissimo
1558,-1077.0,1,12,32,,"2025-06-14",1,2,1,""
1559,-1890.0,1,8,17,,"2025-06-15",1,2,1,""
1560,-649.0,1,12,32,,"2025-06-16",1,2,1,""
1561,-699.0,1,12,33,,"2025-06-16",1,2,1,""
1562,-2328.0,1,13,,,"2025-06-16",1,2,1,billiárd
1563,-990.0,1,14,,,"2025-06-16",1,2,1,""
1564,-300.0,1,10,28,,"2025-06-17",1,2,1,""
1565,-2980.0,1,12,33,,"2025-06-17",1,2,1,Bellozzo
1566,-3780.0,1,12,33,,"2025-06-18",1,2,1,Froggy
1567,-1100.0,1,14,,,"2025-06-18",1,2,1,""
1568,-3180.0,1,12,33,,"2025-06-18",1,2,1,Fruitissimo
1569,10000.0,1,5,,,"2025-06-18",1,2,0,OTP éttermi visszatérítés
1570,-990.0,1,14,,,"2025-06-18",1,2,1,""
1571,-600.0,1,10,28,,"2025-06-18",1,2,1,""
1572,-944.0,1,12,32,,"2025-06-18",1,2,1,""
1573,-1950.0,1,12,33,,"2025-06-19",1,2,1,Vanilin
1574,-2980.0,1,12,33,,"2025-06-19",1,2,1,KFC
1575,-260.0,1,10,28,,"2025-06-19",1,2,1,""
1576,-2000.0,1,14,,,"2025-06-19",1,2,1,""
1577,-2050.0,1,12,33,,"2025-06-20",1,2,1,IKEA
1578,-2625.0,1,12,32,,"2025-06-20",1,2,1,Aldi
1579,-490.0,1,9,20,,"2025-06-21",1,2,1,havidíj
1580,-1890.0,1,8,17,,"2025-04-16",1,2,1,""
1581,-9800.0,1,13,37,,"2025-06-21",1,2,1,Fellini
1582,-1300.0,1,12,33,,"2025-06-21",1,2,1,""
1583,-400.0,1,3,,,"2025-06-22",1,2,1,Ötöslottó
1584,-2000.0,1,12,33,,"2025-06-22",1,2,1,lángos
1585,-2000.0,1,11,49,,"2025-06-22",1,2,1,LEGO SW magazin
1586,-32407.0,1,10,27,,"2025-06-22",2,2,1,"Diesel, 54,1 l"
1587,-479.0,1,12,32,,"2025-06-24",1,2,1,""
1588,-600.0,1,10,28,,"2025-06-24",1,2,1,""
1589,-1708.0,1,12,32,,"2025-06-24",1,2,1,""
1590,-2380.0,1,12,33,,"2025-06-24",1,2,1,KFC
1591,-690.0,1,12,33,,"2025-06-24",1,2,1,Szamos
1592,-800.0,1,10,28,,"2025-06-24",1,2,1,""
1593,-490.0,1,12,32,,"2025-06-25",1,2,1,""
1594,-3444.0,1,12,33,,"2025-06-25",1,2,1,csicseri
1595,2500.0,1,2,,,"2025-06-26",1,2,1,""
1596,-5700.0,1,13,36,,"2025-06-26",1,2,1,strand
1597,-1140.0,1,12,32,,"2025-06-26",1,2,1,""
1598,-2400.0,1,13,34,,"2025-06-24",1,2,1,mozi - nasi
1599,-1570.0,1,12,32,,"2025-06-27",4,2,1,""
1600,-1649.0,1,12,33,,"2025-06-27",1,2,1,FreshCorner
1601,-3151.0,1,12,32,,"2025-06-25",1,2,1,""
1602,-400.0,1,3,,,"2025-06-29",1,2,1,Hatoslottó
1603,-5840.0,1,12,33,,"2025-06-28",1,2,1,Buddha
1604,-2580.0,1,10,43,,"2025-06-28",2,2,1,Szervófolyadék
1605,-5091.0,1,14,,,"2025-06-28",1,2,1,könyv
1606,-907.0,1,12,32,,"2025-06-29",1,2,1,""
1607,-69900.0,1,16,40,,"2025-06-30",2,2,1,Kacsa coaching
1608,-13500.0,1,13,35,,"2025-06-30",1,2,1,Balaton előleg (07.05. - 07.06.)
1609,-1296.0,1,12,32,,"2025-07-01",1,2,1,""
1610,-1147.0,1,12,32,,"2025-07-02",1,2,1,""
1611,2500.0,1,2,,,"2025-07-03",1,2,1,""
1612,1554.0,1,5,6,,"2025-07-03",1,2,1,""
1613,-1290.0,1,15,,,"2025-07-03",1,2,1,thing
1614,-2290.0,1,12,33,,"2025-07-04",1,2,1,Sütit akarok!
1615,-313.0,1,10,28,,"2025-07-04",1,2,1,""
1616,-690.0,1,7,42,,"2025-07-04",1,2,1,""
1617,-5200.0,1,12,33,,"2025-07-04",1,2,1,Kellys Wok
1618,-1884.0,1,12,32,,"2025-07-04",1,2,1,""
1619,-1025.0,1,10,28,,"2025-07-06",1,2,1,RXX-632
1620,-1546.0,1,12,32,,"2025-07-06",1,2,1,""
1621,-3083.0,1,13,35,,"2025-07-07",1,2,1,Balaton (Laura része) 
1622,-11500.0,1,13,35,,"2025-07-05",2,2,1,Balaton (szállás) 
1623,7000.0,1,2,,,"2025-07-07",1,2,0,""
1624,-5100.0,1,12,33,,"2025-07-07",1,2,1,""
1625,-1380.0,1,12,33,,"2025-07-07",1,2,1,""
1626,-4846.0,1,13,35,,"2025-07-07",1,2,1,Balaton (Adri része)
1627,-5943.0,1,7,12,,"2025-07-08",1,2,1,""
1628,10000.0,1,6,,,"2025-07-09",1,2,1,""
1629,-546.0,1,10,28,,"2025-07-09",1,2,1,""
1630,-3300.0,1,12,33,,"2025-07-09",4,2,1,lángos
1631,-2880.0,1,12,33,,"2025-07-09",4,2,1,Froggy
1632,2500.0,1,2,,,"2025-07-10",1,2,1,""
1633,-1000.0,1,13,36,,"2025-07-09",3,2,1,""
1634,308356.0,1,1,44,,"2025-07-10",1,2,0,""
1635,116600.0,1,1,1,,"2025-07-10",1,2,1,""
1636,-2090.0,1,14,,,"2025-07-11",1,2,1,kávé
1637,-300.0,1,10,28,,"2025-07-11",1,2,1,""
1638,-6850.0,1,12,33,,"2025-07-11",1,2,1,Sushi Time
1639,-1130.0,1,12,32,,"2025-07-12",1,2,1,""
1640,-6296.0,1,14,,,"2025-07-12",1,2,1,könyv
1641,-7600.0,1,13,36,,"2025-07-12",1,2,1,Tropicarium
1642,-1980.0,1,12,33,,"2025-07-12",1,2,1,pizza
1643,-660.0,1,10,28,,"2025-07-12",1,2,1,""
1644,-34079.0,1,10,27,,"2025-07-12",4,2,1,"Diesel, 56 l"
1645,-40290.0,1,11,52,,"2025-07-14",1,2,0,cipők
1646,-429.0,1,12,32,,"2025-07-14",1,2,1,""
1647,-1031.0,1,7,15,,"2025-07-12",2,2,1,""
1648,-4009.0,1,7,14,,"2025-07-12",2,2,1,""
1649,-1890.0,1,8,17,,"2025-07-15",1,2,1,""
1650,-425.0,1,10,28,,"2025-07-16",1,2,1,""
1651,-3095.0,1,12,32,,"2025-07-16",1,2,1,""
1652,2500.0,1,2,,,"2025-07-17",1,2,1,""
1653,-2260.0,1,12,33,,"2025-07-17",1,2,1,Bellozzo
1654,-800.0,1,3,,,"2025-07-17",1,2,1,sorsjegy
1655,-1100.0,1,12,32,,"2025-07-17",1,2,1,""
1656,15000.0,1,6,,,"2025-07-19",3,2,1,""
1657,-490.0,1,9,20,,"2025-07-21",1,2,1,havidíj
1658,-2236.0,1,12,33,,"2025-07-21",1,2,1,FreshCorner
1659,-1160.0,1,12,33,,"2025-07-20",4,2,1,fagyi
1660,-9960.0,1,11,53,,"2025-07-21",4,2,1,FM transmitter
1661,-3235.0,1,11,,,"2025-07-21",4,2,1,IKEA
1662,-2990.0,1,14,,,"2025-07-21",4,2,1,hengehog
1663,-500.0,1,3,,,"2025-07-21",4,2,1,""
1664,-1160.0,1,12,33,,"2025-07-21",1,2,1,fagyi
1665,-2980.0,1,12,33,,"2025-07-20",4,2,1,Bellozzo
1666,-2915.0,1,11,,,"2025-07-19",1,2,1,Pepco
1667,-1195.0,1,12,32,,"2025-07-22",1,2,1,""
1668,-1280.0,1,12,33,,"2025-07-22",4,2,1,fagyi
1669,-3080.0,1,11,53,,"2025-07-22",4,2,1,Szivargyújtó adapter
1670,-3586.0,1,12,32,,"2025-07-23",4,2,1,""
1671,-3080.0,1,12,33,,"2025-07-23",4,2,1,""
1672,2500.0,1,2,,,"2025-07-24",1,2,1,""
1673,-2500.0,1,11,49,,"2025-07-26",4,2,1,LEGO magazin
1674,2500.0,1,2,,,"2025-07-31",1,2,0,""
1675,-3292.0,1,7,45,,"2025-07-30",1,2,1,Kártya kibocsátási díj
1676,-2284.0,1,11,,,"2025-08-02",2,2,1,wax (28.95 RON)
1677,-400.0,1,3,,,"2025-08-03",1,2,1,Hatoslottó
1678,-2787.0,1,9,20,,"2025-08-04",1,2,1,""
1679,-28101.0,1,10,43,,"2025-08-04",2,2,0,klímatöltés
1680,-450.0,1,10,28,,"2025-08-04",2,2,1,""
1681,-1259.0,1,5,6,,"2025-08-04",1,2,1,""
1682,-1224.0,1,12,32,,"2025-08-04",1,2,1,""
1683,-3200.0,1,12,33,,"2025-08-03",4,2,1,Fellini
1684,-2850.0,1,12,33,,"2025-08-03",4,2,1,Normafa
1685,-2510.0,1,12,33,,"2025-08-03",4,2,1,Vizafogó fagyizó
1686,-1399.0,1,14,,,"2025-08-04",4,2,1,virág
1687,-2580.0,1,10,30,,"2025-08-04",4,2,1,Szervófolyadék
1688,-898.0,1,10,28,,"2025-08-05",1,2,1,""
1689,-35179.0,1,10,27,,"2025-08-05",2,2,1,Dízel ? l
1690,-3393.0,1,12,33,,"2025-08-05",4,2,1,cukrászda
1691,-690.0,1,7,42,,"2025-08-05",1,2,1,""
1692,7000.0,1,2,,,"2025-08-06",1,2,1,""
1693,2500.0,1,2,,,"2025-08-07",1,2,1,""
1694,-1369.0,1,11,,,"2025-08-06",2,2,1,orrszőrnyíró
1695,-320.0,1,10,28,,"2025-08-06",2,2,1,"0,8 EUR"
1696,-1747.0,1,12,32,,"2025-08-06",2,2,1,"4,37 EUR"
1697,-15000.0,1,12,33,,"2025-08-06",3,2,1,"38 EUR"
1698,-2466.0,1,12,32,,"2025-08-07",1,2,1,""
1699,-4000.0,1,14,,,"2025-08-07",4,2,1,pizsama
1700,-8040.0,1,11,52,,"2025-08-07",4,2,0,""
1701,63800.0,1,1,1,,"2025-08-08",4,2,0,""
1702,334727.0,1,1,44,,"2025-08-08",1,2,0,""
1703,-1170.0,1,12,32,,"2025-08-08",1,2,1,""
1704,-1200.0,1,13,36,,"2025-08-08",1,2,1,Nosztalgia vonaljegy
1705,-19999.0,1,11,49,,"2025-08-09",1,2,1,LEGO Ikarus
1706,-2675.0,1,12,33,,"2025-08-09",1,2,1,Sushi Time
1707,-1380.0,1,12,33,,"2025-08-10",1,2,1,cukrászda
1708,3200.0,1,12,33,,"2025-08-10",1,2,1,Fellini
1709,-4453.0,1,7,12,,"2025-08-10",1,2,1,""
1710,-4840.0,1,12,33,,"2025-08-11",1,2,1,Kaffa
1711,-2980.0,1,12,33,,"2025-08-11",1,2,1,Fruitissimo
1712,-2449.0,1,12,32,,"2025-08-11",1,2,1,""
1713,-5520.0,1,12,32,,"2025-08-11",1,2,1,""
1714,-9000.0,1,13,36,,"2025-08-12",1,2,1,Aqua Sziget
1715,-2193.0,1,12,32,,"2025-08-12",2,2,1,""
1716,-1440.0,1,12,33,,"2025-08-12",1,2,1,""
1717,-1983.0,1,11,,,"2025-08-12",1,2,1,Steam
1718,-1021.0,1,7,15,,"2025-08-12",2,2,1,""
1719,-12578.0,1,13,47,,"2025-08-12",4,2,1,Road koncert
1720,-5041.0,1,7,14,,"2025-08-14",2,2,1,""
1721,-499.0,1,12,32,,"2025-08-13",1,2,1,""
1722,-950.0,1,12,33,,"2025-08-13",1,2,1,""
1723,-1180.0,1,12,33,,"2025-08-14",1,2,1,""
1724,2500.0,1,2,,,"2025-08-14",1,2,1,""
1725,-1540.0,1,12,33,,"2025-08-14",1,2,1,""
1726,-1999.0,1,14,,,"2025-08-14",1,2,1,virág
1727,-1890.0,1,8,17,,"2025-08-14",1,2,1,""
1728,50000.0,1,6,,,"2025-08-14",1,2,0,""
1729,-1260.0,1,3,,,"2025-08-14",1,2,1,"Ötöslottó, Eurojackpot"
1730,-4660.0,1,12,33,,"2025-08-15",1,2,1,Bellozzo
1731,-2690.0,1,14,,,"2025-08-15",1,2,1,""
1732,-2075.0,1,12,33,,"2025-08-16",1,2,1,Sushi Time
1733,-30947.0,1,10,27,,"2025-08-16",2,2,1,Dízel ? l
1734,-17245.0,1,11,52,,"2025-08-16",1,2,1,Napszemüveg
1735,-5661.0,1,15,,,"2025-08-18",1,2,1,virágföld
1736,-1200.0,1,12,32,,"2025-08-17",1,2,1,""
1737,-2540.0,1,12,33,,"2025-08-17",1,2,1,KFC
1738,-5600.0,1,13,34,,"2025-08-20",2,2,1,"István, a király"
1739,-850.0,1,12,33,,"2025-08-19",1,2,1,""
1740,-2247.0,1,12,33,,"2025-08-20",1,2,1,FreshCorner
1741,2500.0,1,2,,,"2025-08-21",1,2,0,""
1742,-490.0,1,9,20,,"2025-08-21",1,2,1,havidíj
1743,-2750.0,1,12,33,,"2025-08-21",1,2,1,lángos
1744,-415.0,1,10,28,,"2025-08-21",1,2,1,""
1745,-2800.0,1,13,34,,"2025-08-22",1,2,1,Kultik Csepel
1746,-1150.0,1,12,33,,"2025-08-22",1,2,1,mozi ital
1747,-546.0,1,10,28,,"2025-08-23",1,2,1,""
1748,-1343.0,1,12,32,,"2025-08-23",1,2,1,Lidl
1749,-2580.0,1,10,30,,"2025-08-23",1,2,1,Szervófolyadék
1750,-4080.0,1,11,53,,"2025-08-24",1,2,1,SD olvasó
1751,5000.0,1,6,,,"2025-08-24",1,2,1,""
1752,116029.0,1,1,44,,"2025-08-25",1,2,0,""
1753,-1390.0,1,11,,,"2025-08-26",1,2,1,""
1754,-300.0,1,10,28,,"2025-08-26",1,2,1,""
1755,-2399.0,1,11,,,"2025-08-26",1,2,1,Lordestin akkut
1756,-3395.0,1,12,32,,"2025-08-26",1,2,1,""
1757,-5000.0,1,13,36,,"2025-08-27",1,2,1,Pécsi székesegyház
1758,-2540.0,1,12,33,,"2025-08-27",1,2,1,Cafe Frei
1759,-1222.0,1,10,28,,"2025-08-27",1,2,1,""
1760,-568.0,1,10,28,,"2025-08-27",1,2,1,""
1761,-53800.0,1,13,35,,"2025-08-27",2,2,1,Sky Panorama Apartman Pécs
1762,2500.0,1,2,,,"2025-08-28",1,2,0,""
1763,-568.0,1,10,28,,"2025-08-28",1,2,1,""
1764,-1000.0,1,11,52,,"2025-08-28",1,2,1,Pintér-kert
1765,-6000.0,1,13,36,,"2025-08-28",1,2,1,Pécsi Állatkert
1766,-2350.0,1,12,33,,"2025-08-28",1,2,1,Sültetvény
1767,-5300.0,1,11,54,,"2025-08-28",1,2,1,"1984"
1768,-2000.0,1,14,,,"2025-08-28",1,2,1,Hála napló
1769,-899.0,1,11,,,"2025-08-28",1,2,1,orsspray
1770,-1400.0,1,12,33,,"2025-08-28",1,2,1,fagyi + jégkása
1771,-2200.0,1,14,,,"2025-08-28",1,2,1,hűtőmágnes
1772,-768.0,1,10,28,,"2025-08-28",1,2,1,""
1773,-800.0,1,8,31,,"2025-08-29",1,2,1,TükeBusz menetjegy (2db)
1774,-1600.0,1,14,,,"2025-08-29",1,2,1,hűtőmágnes
1775,-1348.0,1,12,33,,"2025-08-29",1,2,1,Csoko-láda
1776,-4800.0,1,13,36,,"2025-08-29",1,2,1,Pécs városnéző vonat
1777,-3600.0,1,12,33,,"2025-08-29",1,2,1,Pizzaklub
1778,-1285.0,1,10,28,,"2025-08-29",1,2,1,""
1779,-2477.0,1,12,33,,"2025-08-29",1,2,1,Fresh Corner
1780,-21874.0,1,10,27,,"2025-08-29",2,2,1,"Diesel, ? l"
1781,-1590.0,1,7,13,,"2025-08-29",2,2,1,""
1782,-109990.0,1,11,53,,"2025-08-29",2,2,1,Telefon
1783,-800.0,1,10,29,,"2025-08-29",1,2,1,""
1784,-449.0,1,7,45,,"2025-08-30",1,2,1,""
1785,-4100.0,1,14,,,"2025-08-30",1,2,1,""
1786,-1575.0,1,12,33,,"2025-08-31",1,2,1,Sushi Time
1787,-300.0,1,10,28,,"2025-09-01",1,2,1,""
1788,-3180.0,1,12,33,,"2025-09-01",1,2,1,Fruitissimo
1789,-4260.0,1,12,33,,"2025-09-02",1,2,1,Bellozzo
1790,-1000.0,1,12,33,,"2025-09-02",1,2,1,Fitzkey kürtőskalács
1791,3001.0,1,5,6,,"2025-09-03",1,2,0,""
1792,-1487.0,1,12,33,,"2025-09-03",1,2,1,Starbucks
1793,-829.0,1,10,30,,"2025-09-03",1,2,1,Távirányító elem
1794,-2580.0,1,12,33,,"2025-09-03",1,2,1,KFC
1795,2500.0,1,2,,,"2025-09-04",1,2,0,""
1796,-10070.0,1,13,46,,"2025-09-04",2,2,1,Mit üzen a tested?
1797,-783.0,1,11,48,,"2025-09-04",1,2,1,Pillars of the Earth játék
1798,-690.0,1,7,42,,"2025-09-04",1,2,1,""
1799,-1500.0,1,10,30,,"2025-09-06",1,2,1,Ablakmosó folyadék
1800,32000.0,1,4,,,"2025-09-07",1,2,0,Redmi Note 8 Pro
1801,-9000.0,1,13,36,,"2025-09-07",1,2,1,Piczinke Póniudvar
1802,-3450.0,1,12,33,,"2025-09-07",1,2,1,Normafa
1803,-374.0,1,10,28,,"2025-09-07",1,2,1,""
1804,-17900.0,1,11,53,,"2025-09-07",1,2,1,"Töltőfej, telefontartó"
1805,-28241.0,1,10,27,,"2025-09-07",2,2,1,"Dízel, 48 l"
1806,7000.0,1,2,,,"2025-09-08",1,2,0,""
1807,-510.0,1,12,32,,"2025-09-08",1,2,1,""
1808,-800.0,1,3,,,"2025-09-09",1,2,1,"Ötöslottó, Hatoslottó"
1809,-4453.0,1,7,12,,"2025-09-10",1,2,1,""
1810,-2799.0,1,9,20,,"2025-09-10",1,2,1,""
1811,105600.0,1,1,1,,"2025-09-10",4,2,1,átmozgatva az OTP számlára
1812,2500.0,1,2,,,"2025-09-11",1,2,0,""
1813,-1200.0,1,12,33,,"2025-09-10",1,2,1,gyros
1814,-36579.0,1,12,33,,"2025-09-11",2,2,1,Wasabi all you can eat
1815,-1200.0,1,10,28,,"2025-09-11",1,2,1,""
1816,-1999.0,1,14,,,"2025-09-11",1,2,1,virág
1817,-1005.0,1,7,15,,"2025-09-12",2,2,1,""
1818,-1890.0,1,8,17,,"2025-09-12",2,2,1,Országbérlet
1819,-6450.0,1,12,33,,"2025-09-12",1,2,1,Bellozzo
1820,-1200.0,1,8,31,,"2025-09-14",1,2,1,Nosztalgia vonaljegy
1821,-4973.0,1,7,14,,"2025-09-14",2,2,1,""
1822,-1748.0,1,14,,,"2025-09-16",1,2,1,Mama névnap
1823,-4883.0,1,9,21,,"2025-09-16",1,2,1,""
1824,-4883.0,1,9,21,,"2025-09-16",1,2,1,""
1825,-3978.0,1,7,56,,"2025-09-16",2,2,1,""
1826,2500.0,1,2,,,"2025-09-18",1,2,0,""
1827,-2236.0,1,12,32,,"2025-09-19",1,2,1,""
1828,-3380.0,1,12,33,,"2025-09-20",1,2,1,Fruitissimo
1829,-1790.0,1,12,33,,"2025-09-20",1,2,1,""
1830,-2146.0,1,12,32,,"2025-09-20",1,2,1,""
1831,-4350.0,1,12,33,,"2025-09-22",1,2,1,Vapiano
1832,799.0,1,12,32,,"2025-09-22",1,2,1,""
1833,-658.0,1,12,32,,"2025-09-22",1,2,1,""
1834,-2980.0,1,13,37,,"2025-09-22",1,2,1,""
1835,-3495.0,1,12,33,,"2025-09-23",1,2,1,Sushi Time
1836,-300.0,1,10,28,,"2025-09-23",1,2,1,""
1837,2500.0,1,2,,,"2025-09-25",1,2,0,""
1838,-1190.0,1,13,37,,"2025-09-24",1,2,1,Oporto2
1839,-205.0,1,10,28,,"2025-09-25",1,2,1,""
1840,-2000.0,1,12,32,,"2025-09-27",3,2,1,""
1841,-3700.0,1,11,51,,"2025-09-27",1,2,1,L-Theanin
1842,-855.0,1,12,32,,"2025-09-27",1,2,1,Fornetti
1843,-2455.0,1,12,32,,"2025-09-28",1,2,1,Auchan
1844,-4090.0,1,12,33,,"2025-09-29",1,2,1,Vapiano
1845,-2982.0,1,12,33,,"2025-09-29",1,2,1,Cafe Frei
1846,-14067.0,1,11,48,,"2025-09-30",2,2,1,"OMSI 2 O530 & O530 Facelfit DLC, 35,98 EUR"
1847,-4490.0,1,7,,,"2025-09-30",1,2,0,fodrász
1848,-1990.0,1,10,29,,"2025-09-30",1,2,1,""
1849,-31123.0,1,10,27,,"2025-09-30",2,2,1,""
1850,-3912.0,1,12,32,,"2025-09-30",2,2,1,""
1851,2500.0,1,2,,,"2025-10-02",1,2,0,""
1852,-3200.0,1,12,33,,"2025-10-02",1,2,1,gyros
1853,734.0,1,5,6,,"2025-10-03",1,2,0,""
1854,-1260.0,1,3,,,"2025-10-03",1,2,1,""
1855,-3990.0,1,12,33,,"2025-10-03",1,2,1,McD
1857,-600.0,1,3,,,"2025-10-03",1,2,1,""
1858,-1590.0,1,12,33,,"2025-10-04",1,2,1,Kemenes cukrászda
1859,-3000.0,1,13,34,,"2025-10-04",1,2,1,""
1860,-3690.0,1,13,34,,"2025-10-04",1,2,1,mozi - nasi
1861,-4000.0,1,13,36,,"2025-10-05",1,2,1,Aeropark
1862,-2178.0,1,12,32,,"2025-10-05",1,2,1,Auchan
1863,7000.0,1,2,,,"2025-10-06",1,2,0,""
1864,-690.0,1,7,42,,"2025-10-04",2,2,1,""
1865,-2700.0,1,12,33,,"2025-10-06",1,2,1,kínai
1866,-2121.0,1,12,33,,"2025-10-06",1,2,1,Cafe Frei
1867,-570.0,1,12,32,,"2025-10-06",1,2,1,""
1868,-6250.0,1,12,33,,"2025-10-06",1,2,1,Ibolya Espresso
1869,-3380.0,1,12,33,,"2025-10-07",1,2,1,"4Street Coffee"
1870,-23000.0,1,14,,,"2025-10-07",2,2,1,Laptop (/2)
1871,-1490.0,1,14,,,"2025-10-08",2,2,1,tea
1872,2500.0,1,2,,,"2025-10-09",1,2,1,""
1873,-1881.0,1,12,32,,"2025-10-09",1,2,1,Auchan
1874,-2688.0,1,12,33,,"2025-10-10",2,2,1,Cafe Frei
1875,192000.0,1,1,1,,"2025-10-10",1,2,0,""
1876,-2580.0,1,10,30,,"2025-10-10",1,2,1,Szervófolyadék
1877,-2147.0,1,12,33,,"2025-10-11",1,2,1,Sushi Time
1878,-2420.0,1,12,33,,"2025-10-11",1,2,1,Pántlika
1879,-1950.0,1,14,,,"2025-10-12",1,2,1,Kik
1880,-2000.0,1,14,,,"2025-10-12",1,2,1,virág
1881,10000.0,1,6,,,"2025-10-13",2,2,0,""
1882,-4372.0,1,7,12,,"2025-10-13",1,2,1,""
1883,-4988.0,1,14,,,"2025-10-13",2,2,1,teák
1884,-4994.0,1,14,,,"2025-10-13",1,2,1,LEGO 40711
1885,-1377.0,1,12,32,,"2025-10-14",1,2,1,Spar
1886,-5258.0,1,12,33,,"2025-10-13",1,2,1,Ibolya Espresso
1887,-1020.0,1,7,15,,"2025-10-14",2,2,1,""
1888,-4400.0,1,12,33,,"2025-10-13",1,2,1,Mazsolin
1889,-3480.0,1,12,33,,"2025-10-13",1,2,1,""
1890,-4994.0,1,7,14,,"2025-10-15",2,2,1,""
1891,-1890.0,1,8,17,,"2025-10-15",1,2,1,""
1892,-400.0,1,3,,,"2025-10-15",1,2,1,Skandináv lottó
1893,-3945.0,1,12,33,,"2025-10-15",1,2,1,M-eating
1894,-250.0,1,12,32,,"2025-10-15",1,2,1,""
1895,45800.0,1,18,,,"2025-10-15",1,2,1,Szeptember - október
1896,-3743.0,1,11,52,,"2025-10-15",1,2,1,kulacs
1897,13700.0,1,15,,,"2025-10-15",1,2,1,Kacsa részlet
1898,2500.0,1,2,,,"2025-10-16",1,2,0,""
1899,-5489.0,1,12,33,,"2025-10-16",1,2,1,Cat Café
1900,-3984.0,1,16,40,,"2025-10-16",1,2,1,Mateking
1901,-3984.0,1,7,56,,"2025-10-16",2,2,1,""
1902,-2800.0,1,14,,,"2025-10-16",1,2,1,kosár
1903,-420.0,1,14,,,"2025-10-17",1,2,1,""
1904,-449.0,1,14,,,"2025-10-17",1,2,1,""
1905,-1258.0,1,14,,,"2025-10-17",1,2,1,""
1906,-1200.0,1,11,,,"2025-10-18",1,2,1,emlékérme
1907,-7000.0,1,13,36,,"2025-10-18",1,2,1,Lillafüred libegő
1908,-3325.0,1,12,33,,"2025-10-18",1,2,1,Valley Bistro
1909,-12350.0,1,14,,,"2025-10-19",2,2,1,Adventi naptár
1910,-24500.0,1,11,50,,"2025-10-19",1,2,0,szék
1911,-1195.0,1,14,,,"2025-10-19",1,2,1,""
1912,-7100.0,1,12,33,,"2025-10-20",1,2,1,Vapiano
1913,-2140.0,1,12,33,,"2025-10-20",1,2,1,Cafe Frei
1914,-570.0,1,12,32,,"2025-10-20",1,2,1,""
1915,-2070.0,1,14,,,"2025-10-20",1,2,1,kacsa névnap
1916,-2873.0,1,12,33,,"2025-10-22",1,2,1,J&G Palacsintafaló
1917,-122605.0,1,10,43,,"2025-10-22",1,2,0,"Féknyereg-, olaj-, olajszűrő-, levegőszűrő- és pollenszűrő csere"
1918,-29687.0,1,10,27,,"2025-10-23",2,2,1,""
1919,-1260.0,1,3,,,"2025-10-24",1,2,1,""
1920,-1899.0,1,12,32,,"2025-10-25",1,2,1,""
1921,-430.0,1,12,33,,"2025-10-25",1,2,1,IKEA
1922,-2980.0,1,11,50,,"2025-10-25",1,2,1,Tarhonya
1923,-495.0,1,10,28,,"2025-10-25",1,2,1,""
1924,-750.0,1,11,52,,"2025-10-24",1,2,1,sapka
1925,2500.0,1,2,,,"2025-10-27",1,2,1,""
1926,-2398.0,1,12,33,,"2025-10-27",1,2,1,Ibolya Espresso
1927,-1435.0,1,10,28,,"2025-10-27",1,2,1,""
1928,2500.0,1,2,,,"2025-10-30",1,2,0,""
1929,-1560.0,1,12,33,,"2025-10-30",1,2,1,McDonalds
1930,-2297.0,1,12,32,,"2025-10-31",1,2,1,""
1931,-449.0,1,7,45,,"2025-11-01",1,2,1,""
1932,-5200.0,1,13,34,,"2025-11-01",1,2,1,""
1933,-3120.0,1,13,34,,"2025-11-01",1,2,1,mozi - nasi
1934,-3715.0,1,12,32,,"2025-11-02",1,2,1,Tesco
1935,-2560.0,1,12,33,,"2025-11-03",1,2,1,Cafe Frei
1936,-690.0,1,7,42,,"2025-11-04",1,2,1,""
1937,2500.0,1,2,,,"2025-11-06",1,2,1,""
1938,-3587.0,1,14,,,"2025-11-06",1,2,1,keksz
1939,-600.0,1,10,28,,"2025-11-07",1,2,1,""
1940,7000.0,1,2,,,"2025-11-06",1,2,1,""
1941,5000.0,1,2,,,"2025-11-10",1,2,1,""
1942,171600.0,1,1,1,,"2025-11-10",1,2,0,""
1943,-2140.0,1,12,33,,"2025-11-10",1,2,1,Cafe Frei
1944,-4862.0,1,12,33,,"2025-11-10",1,2,1,Ibolya Espresso
1945,-2990.0,1,13,36,,"2025-11-11",1,2,1,A Fitness
1946,-3990.0,1,7,12,,"2025-11-11",1,2,1,""
1947,22900.0,1,18,,,"2025-11-11",1,2,0,""
1948,-4920.0,1,12,33,,"2025-11-11",1,2,1,Bellozzo
1949,-300.0,1,10,28,,"2025-11-11",1,2,1,""
1950,-502.0,1,12,32,,"2025-11-12",1,2,1,""
1951,-5277.0,1,12,33,,"2025-11-12",1,2,1,Floga Grill
1952,-614.0,1,12,32,,"2025-11-12",1,2,1,""
1953,2500.0,1,2,,,"2025-11-13",1,2,1,""
1954,-4780.0,1,12,33,,"2025-11-13",1,2,1,KFC
1955,-2999.0,1,14,,,"2025-11-13",1,2,1,fülvédő
1956,-996.0,1,7,15,,"2025-11-13",1,2,1,""
1957,-1890.0,1,8,17,,"2025-11-14",1,2,1,Országbérlet
1958,-14097.0,1,14,,,"2025-11-14",2,2,1,Karácsony - kacsa
1959,-1328.0,1,12,32,,"2025-11-14",1,2,1,strand - nasi
1960,-7200.0,1,13,36,,"2025-11-14",1,2,1,Csillaghegyi strand
1961,-4906.0,1,7,14,,"2025-11-14",2,2,1,""
1962,-4500.0,1,11,54,,"2025-11-15",1,2,1,raktárvásár
1963,-1240.0,1,11,50,,"2025-11-15",1,2,1,telefontartó
1964,-1890.0,1,12,32,,"2025-11-15",1,2,1,forralt bor
1965,-4098.0,1,7,56,,"2025-11-16",1,2,1,""
1966,-1388.0,1,11,48,,"2025-11-16",1,2,1,Loseless Scaling
1967,-1386.0,1,12,32,,"2025-11-16",1,2,1,Tesco
1968,-6215.0,1,12,33,,"2025-11-17",2,2,1,Vibe Bistro
1969,414.0,1,5,,,"2025-11-17",1,2,1,Google tárhely
1970,-5852.0,1,12,33,,"2025-11-17",1,2,1,Ibolya Espresso
1971,-3160.0,1,10,43,,"2025-11-18",1,2,1,Szervófolyadék
1973,2500.0,1,2,,,"2025-11-20",1,2,0,""
1974,-1038.0,1,12,32,,"2025-11-20",1,2,1,Spar
1975,-1999.0,1,14,,,"2025-11-21",1,2,1,virág
1976,-3595.0,1,12,33,,"2025-11-21",1,2,1,Sushi time
1977,-2240.0,1,11,52,,"2025-11-21",1,2,1,Cseriti
1978,-2268.0,1,13,37,,"2025-11-22",1,2,1,Humbák Borkápolna
1979,-399.0,1,12,32,,"2025-11-22",1,2,1,""
1980,-4000.0,1,13,37,,"2025-11-22",1,2,1,AMU Sisha Bar
1981,-3970.0,1,12,33,,"2025-11-24",1,2,1,Wok n Go
1982,-2140.0,1,12,33,,"2025-11-24",1,2,1,Cafe Frei
1983,-4640.0,1,12,33,,"2025-11-24",1,2,1,Ibolya Espresso
1984,-2030.0,1,12,33,,"2025-11-26",1,2,1,Bellozzo
1985,-1098.0,1,11,51,,"2025-11-26",1,2,1,szájvíz
1986,2500.0,1,2,,,"2025-11-27",1,2,0,""
1987,-1790.0,1,12,33,,"2025-11-27",1,2,1,BurgerKing
1988,-1590.0,1,7,13,,"2025-11-28",1,2,1,""
1989,-2600.0,1,13,34,,"2025-11-28",2,2,1,Wicked 2
1990,-1950.0,1,13,34,,"2025-11-28",2,2,1,mozi - nasi
1991,-1200.0,1,10,28,,"2025-11-28",2,2,1,""
1992,-31294.0,1,10,27,,"2025-11-29",1,2,1,"Diesel, 54 l"
1993,10000.0,1,6,,,"2025-11-29",1,2,1,karácsony
1994,-2400.0,1,12,33,,"2025-12-01",1,2,1,Ibolya Espresso
1995,2500.0,1,2,,,"2025-12-04",1,2,0,""
1996,-510.0,1,12,32,,"2025-12-04",1,2,1,Spar
1997,-3230.0,1,12,33,,"2025-12-04",1,2,1,Meating
1998,-2315.0,1,12,32,,"2025-12-05",2,2,1,Aldi
1999,-800.0,1,12,33,,"2025-12-05",1,2,1,Karácsonyi vásár
2000,-299.0,1,11,48,,"2025-12-06",1,2,1,Hayday
2001,-83800.0,1,11,53,,"2025-07-04",4,2,1,monitor
2002,7000.0,1,2,,,"2025-12-08",1,2,0,""
2003,-287.0,1,12,32,,"2025-12-08",1,2,1,""
2004,-2640.0,1,13,34,,"2025-12-08",1,2,1,mozi - nasi
2005,-150.0,1,10,28,,"2025-12-08",1,2,1,""
2006,-5522.0,1,12,33,,"2025-12-08",1,2,1,Ibolya Espresso
2007,-288.0,1,12,32,,"2025-12-09",1,2,1,""
2008,22900.0,1,18,,,"2025-12-09",1,2,0,""
2009,-3990.0,1,7,12,,"2025-12-09",1,2,1,""
2010,162800.0,1,1,1,,"2025-12-10",1,2,0,""
2011,-469.0,1,10,28,,"2025-12-10",1,2,1,""
2012,-2147.0,1,12,33,,"2025-12-10",1,2,1,Sushi time
2013,2500.0,1,2,,,"2025-12-11",1,2,0,""
2014,-639.0,1,12,32,,"2025-12-11",1,2,1,Spar
2015,-950.0,1,10,28,,"2025-12-11",1,2,1,""
2016,-7400.0,1,12,33,,"2025-12-12",1,2,1,Raclette
2017,-2100.0,1,12,33,,"2025-12-12",1,2,1,Churros
2018,-270.0,1,10,28,,"2025-12-12",1,2,1,""
2019,-1779.0,1,12,32,,"2025-12-13",1,2,1,Aldi
2020,-495.0,1,10,28,,"2025-12-13",1,2,1,""
2021,-1890.0,1,8,17,,"2025-12-14",1,2,1,""
2022,-4905.0,1,7,14,,"2025-12-14",2,2,1,""
2023,-989.0,1,7,15,,"2025-12-14",2,2,1,""
2024,-3150.0,1,12,33,,"2025-12-15",1,2,1,CJ Wok
2025,-1140.0,1,3,,,"2025-12-15",1,2,1,""
2026,-23990.0,1,11,52,,"2025-12-16",1,2,0,táska
2027,30000.0,1,6,,,"2025-12-17",1,2,0,karácsony
2028,-5649.0,1,12,33,,"2025-12-16",1,2,1,Bamba Marha
2029,-3933.0,1,7,56,,"2025-12-16",2,2,1,""
2030,16000.0,1,4,,,"2025-12-17",3,2,1,monitor
2031,-3980.0,1,13,34,,"2025-12-17",1,2,1,Legénybúcsú
2032,-2640.0,1,13,34,,"2025-12-17",1,2,1,mozi - nasi
2033,-2218.0,1,14,,,"2025-12-17",1,2,1,""
2034,-20000.0,1,14,,,"2025-12-17",1,2,1,kacsa orvos
2035,2500.0,1,2,,,"2025-12-18",1,2,0,""
2036,-4490.0,1,7,,,"2025-12-18",1,2,0,fodrász
2037,-500.0,1,14,,,"2025-12-18",1,2,1,""
2038,-1764.0,1,14,,,"2025-12-18",1,2,1,Karácsony - anya
2039,-450.0,1,10,28,,"2025-12-18",1,2,1,""
2040,-17.0,1,10,27,,"2025-12-18",1,2,1,""
2041,-3080.0,1,12,33,,"2025-12-19",1,2,1,Bellozzo
2042,-3510.0,1,14,,,"2025-12-19",1,2,1,Müller
2043,-2000.0,1,12,33,,"2025-12-19",1,2,1,forralt bor
2044,-31006.0,1,10,27,,"2025-12-18",2,2,0,""
2045,-6590.0,1,14,,,"2025-12-20",2,2,1,Karácsony - Csongi
2046,-4000.0,1,11,,,"2025-12-21",2,2,1,tea bizbasz
2047,-836.0,1,12,32,,"2025-12-21",1,2,1,""
2048,-322.0,1,10,28,,"2025-12-22",1,2,1,""
2049,-4382.0,1,14,,,"2025-12-21",2,2,1,""
2050,-7600.0,1,12,33,,"2025-12-22",1,2,1,Vapiano
2051,-1184.0,1,9,20,,"2025-12-23",2,2,1,""
2052,-47900.0,1,14,,,"2025-12-23",2,2,1,""
2053,-3737.0,1,14,,,"2025-12-23",2,2,1,Karácsony - nasik
2054,-3000.0,1,11,,,"2025-12-23",3,2,1,naptár
2055,-1200.0,1,3,,,"2025-12-23",1,2,1,Ötöslottó
2056,-55000.0,1,10,43,,"2025-12-27",1,2,0,Akku
2057,2500.0,1,2,,,"2025-12-29",1,2,0,""
2058,-944.0,1,12,32,,"2025-12-30",1,2,1,""
2059,-3160.0,1,10,30,,"2026-01-02",1,2,1,Szervófolyadék
2060,-7999.0,1,14,,,"2026-01-02",1,2,1,LEGO 40794
2061,-11799.0,1,11,49,,"2026-01-02",1,2,1,LEGO 77256
2062,-318.0,1,12,32,,"2026-01-02",1,2,1,""
2063,-900.0,1,3,,,"2026-01-03",1,2,1,""
2064,-4295.0,1,12,33,,"2026-01-03",1,2,1,Sushi time
2065,2500.0,1,2,,,"2026-01-05",1,2,0,""
2066,-13180.0,1,16,39,,"2026-01-05",2,2,1,számológép
2067,7000.0,1,2,,,"2026-01-06",1,2,0,""
2068,-433.0,1,10,28,,"2026-01-05",1,2,1,""
2069,-400.0,1,3,,,"2026-01-07",1,2,1,Hatoslottó
2070,2500.0,1,2,,,"2026-01-08",1,2,0,""
2071,-2690.0,1,12,33,,"2026-01-08",1,2,1,Bellozzo
2072,102300.0,1,1,1,,"2026-01-09",1,2,0,""
2073,-2640.0,1,11,53,,"2026-01-09",1,2,1,izzók
2074,-844.0,1,12,33,,"2026-01-09",1,2,1,Fornetti
2075,-4717.0,1,7,12,,"2026-01-09",1,2,1,""
2076,-6009.0,1,11,,,"2026-01-10",1,2,1,CEWE kacsanaptár
2077,-640.0,1,12,32,,"2026-01-10",1,2,1,""
2078,13700.0,1,15,,,"2026-01-10",1,2,1,kacsa részlet 2
2079,13700.0,1,15,,,"2026-01-10",1,2,1,kacsa részlet 3
2080,-4000.0,1,16,39,,"2026-01-12",1,2,1,ismételt vizsgadíj
2081,-25000.0,1,19,59,,"2026-01-12",1,2,1,dohányzó asztal
2082,-1890.0,1,8,17,,"2026-01-14",1,2,1,Országbérlet
2083,-1002.0,1,7,15,,"2026-01-14",2,2,1,""
2084,-4931.0,1,7,14,,"2026-01-14",2,2,1,""
2085,2500.0,1,2,,,"2026-01-15",1,2,0,""
2086,-5000.0,1,19,60,,"2026-01-15",3,2,0,vízforraló
2087,-5000.0,1,19,60,,"2026-01-15",3,2,0,kenyérpirító
2088,-400.0,1,3,,,"2026-01-15",1,2,1,""
2089,-8020.0,1,13,34,,"2026-01-16",1,2,1,The Housemaid + nasi
2090,-10725.0,1,13,37,,"2026-01-18",1,2,1,Barcraft
2091,-16940.0,1,10,43,,"2026-01-19",1,2,0,testkábel és hozzávalók
2092,-3600.0,1,19,60,,"2026-01-19",3,2,0,törülközőtartó
2093,-617.0,1,12,33,,"2026-01-20",1,2,1,Meating
2094,22900.0,1,18,,,"2026-01-20",1,2,0,""
2095,-1850.0,1,12,33,,"2026-01-20",1,2,1,""
2096,-1168.0,1,12,32,,"2026-01-20",1,2,1,""
2097,-1850.0,1,19,60,,"2026-01-20",3,2,0,"konyharuha, mérőpoharak"
2098,-1050.0,1,12,33,,"2026-01-21",1,2,1,kínai
2099,2500.0,1,2,,,"2026-01-22",1,2,0,""
2100,900.0,1,1,3,,"2026-01-22",5,2,0,"327903e204f2"
2101,-4639.0,1,9,22,,"2026-01-22",1,2,1,""
2102,-700.0,1,12,32,,"2026-01-23",1,2,1,""
2103,-4000.0,1,19,60,,"2026-01-24",1,2,1,csavarhúzó készlet
2104,-19990.0,1,19,59,,"2026-01-24",1,2,0,Mosógép feletti szekrény
2105,1900.0,1,1,3,,"2026-01-26",5,2,0,""
2106,-3400.0,1,19,60,,"2026-01-26",1,2,1,különleges tányérok
2107,-750.0,1,11,51,,"2026-01-28",1,2,1,thing
2108,-575.0,1,12,32,,"2026-01-28",1,2,1,""
2109,-1599.0,1,12,32,,"2026-01-28",1,2,1,pizza
2110,-437.0,1,12,32,,"2026-01-28",1,2,1,""
2111,2500.0,1,2,,,"2026-01-29",1,2,0,""
2112,-15000.0,1,10,62,,"2026-01-29",1,2,0,M1 regionális éves
2113,-250.0,1,12,32,,"2026-01-30",1,2,1,""
2114,-534.0,1,12,32,,"2026-01-30",1,2,1,""
2115,-10274.0,1,12,33,,"2026-01-30",1,2,1,Pandzsab Tandori
2116,-2692.0,1,7,64,,"2026-01-30",6,2,1,""
2117,-980.0,1,12,33,,"2026-02-02",1,2,1,Lipóti
2118,-2000.0,1,13,,,"2026-02-02",1,2,1,korcsolyabérlés
2119,-3990.0,1,12,33,,"2026-02-02",1,2,1,IKEA
2120,-4385.0,1,19,60,,"2026-02-02",1,2,1,"vizeskancsó, szalvéta tartó"
2121,-139.0,1,11,48,,"2026-02-02",1,2,1,The Everything Key
2122,800.0,1,1,3,,"2026-02-02",1,2,0,""
2123,-1490.0,1,19,61,,"2026-02-03",1,2,1,váza
2124,-1450.0,1,11,51,,"2026-02-03",1,2,1,szájvíz
2125,-400.0,1,10,28,,"2026-02-03",1,2,1,""
2126,-3720.0,1,12,33,,"2026-02-03",1,2,1,Bellozzo
2127,5000.0,1,2,,,"2026-02-03",3,2,0,""
2128,-300.0,1,10,28,,"2026-02-03",1,2,1,""
2129,-250.0,1,12,32,,"2026-02-04",1,2,1,""
2130,2500.0,1,2,,,"2026-02-05",1,2,0,""
2131,10000.0,1,2,,,"2026-02-04",3,2,0,""
2132,-2325.0,1,12,32,,"2026-02-04",1,2,1,""
2133,-1037.0,1,12,32,,"2026-02-05",1,2,1,""
2134,-3400.0,1,13,36,,"2026-02-05",1,2,1,strand wellness kiegészítő
2135,-545.0,1,10,28,,"2026-02-05",1,2,1,""
2136,-8600.0,1,12,33,,"2026-02-05",3,2,1,Mákos Guba
2137,7000.0,1,2,,,"2026-03-03",1,2,1,""
2138,-4990.0,1,7,,,"2026-02-06",1,2,1,fodrász
2139,-3370.0,1,12,33,,"2026-02-06",1,2,1,KFC
2140,-2490.0,1,19,60,,"2026-02-06",2,2,1,szappan- és fogkefetartó
2141,-1529.0,1,11,51,,"2026-02-06",1,2,1,füldugó
2142,-2987.0,1,12,33,,"2026-02-07",1,2,1,Sushi time
2143,-7870.0,1,11,52,,"2026-02-07",1,2,0,House
2144,-3250.0,1,11,,,"2026-02-08",1,2,1,mappák
2145,-23990.0,1,19,59,,"2026-02-08",2,2,1,fürdőszoba szekrény
2146,-25261.0,1,10,27,,"2026-02-08",1,2,0,""
2147,-1727.0,1,12,32,,"2026-02-08",1,2,1,""
2148,-550.0,1,12,32,,"2026-02-09",1,2,1,""
2149,550.0,1,12,32,,"2026-02-10",1,2,1,""
2150,10000.0,1,5,,,"2026-02-10",6,2,0,Erste Diverzum
2151,126500.0,1,1,1,,"2026-02-10",1,2,0,""
2152,-1232.0,1,12,32,,"2026-02-10",1,2,1,""
2153,-19990.0,1,14,,,"2026-02-11",6,2,1,LEGO 11501
2154,-1437.0,1,12,32,,"2026-02-11",6,2,1,Tesco
2155,-1437.0,1,12,32,,"2026-02-11",6,2,1,Tesco
2156,-1198.0,1,20,63,,"2026-02-11",1,2,1,törlőkendők
2157,-5065.0,1,7,12,,"2026-02-11",1,2,1,""
2158,300.0,1,10,28,,"2026-02-11",1,2,1,""
2159,2500.0,1,2,,,"2026-02-12",1,2,0,""
2160,-2595.0,1,14,,,"2026-02-12",1,2,1,""
2161,-2195.0,1,19,60,,"2026-02-13",2,2,1,BBC
2162,-1045.0,1,10,28,,"2026-02-13",1,2,1,""
2163,-1890.0,1,8,17,,"2026-02-14",1,2,1,""
2164,-12969.0,1,12,33,,"2026-02-13",6,2,1,Mákos guba
2165,-1299.0,1,10,30,,"2026-02-14",1,2,1,ablakmosó
2166,-984.0,1,12,32,,"2026-02-14",6,2,1,""
2167,-2999.0,1,14,,,"2026-02-14",6,2,1,""
2168,-2747.0,1,12,32,,"2026-02-14",1,2,1,""
2169,-6480.0,1,11,53,,"2026-02-14",1,2,1,notebook töltő
2170,-1678.0,1,12,32,,"2026-02-15",1,2,1,""
2171,-4827.0,1,7,14,,"2026-02-15",2,2,1,""
2172,-1223.0,1,7,15,,"2026-02-15",2,2,1,""
2173,-1535.0,1,10,28,,"2026-02-16",1,2,1,""
2174,-3487.0,1,12,33,,"2026-02-16",6,2,1,Ibolya Espresso
2175,-7880.0,1,11,53,,"2026-02-17",6,2,1,"NIC, UTP kábel"
2176,-10.0,1,7,65,,"2026-02-17",6,2,1,""
2177,-878.0,1,12,32,,"2026-02-18",6,2,1,""
2178,1000.0,1,1,3,,"2026-02-18",5,2,0,""
2179,2500.0,1,2,,,"2026-02-19",1,2,0,""
2180,-1968.0,1,12,32,,"2026-02-19",6,2,1,""
2181,-1750.0,1,12,33,,"2026-02-20",1,2,1,Spar ToGo
2182,-399.0,1,12,32,,"2026-02-21",1,2,1,""
2183,-1100.0,1,10,29,,"2026-02-21",6,2,1,""
2184,-1980.0,1,10,30,,"2026-02-21",6,2,1,biztosíték szett
2185,-10000.0,1,10,27,,"2026-02-22",2,2,1,""
2186,-2275.0,1,12,32,,"2026-02-22",6,2,1,""
2187,1900.0,1,1,3,,"2026-02-23",5,2,0,""
2188,-1052.0,1,12,32,,"2026-02-23",6,2,1,""
2189,-499.0,1,12,32,,"2026-02-24",6,2,1,""
2190,-9462.0,1,11,48,,"2026-02-25",2,2,1,ESET Internet Security
2191,-684.0,1,12,32,,"2026-02-25",6,2,1,""
2192,-2931.0,1,9,21,,"2026-02-25",1,2,1,""
2193,2500.0,1,2,,,"2026-02-26",1,2,0,""
2194,-449.0,1,7,45,,"2026-02-28",1,2,1,""
2195,-1590.0,1,7,13,,"2026-02-28",2,2,1,""
2196,-1868.0,1,12,32,,"2026-02-28",1,2,1,""
2197,-970.0,1,12,32,,"2026-03-01",1,2,1,""
2198,-3050.0,1,12,33,,"2026-03-02",1,2,1,""
2199,-4628.0,1,14,,,"2026-03-03",6,2,1,""
2200,-29353.0,1,12,33,,"2026-03-03",2,2,1,Wasabi all you can eat
2201,-800.0,1,14,,,"2026-03-03",1,2,1,""
2202,-1200.0,1,10,28,,"2026-03-03",1,2,1,""
2203,-35082.0,1,10,27,,"2026-03-03",2,2,0,""
2204,-1368.0,1,12,32,,"2026-03-04",1,2,1,""
2205,-1178.0,1,12,32,,"2026-03-04",1,2,1,""
2206,-300.0,1,10,28,,"2026-03-04",1,2,1,""
2207,2500.0,1,2,,,"2026-03-05",1,2,0,""
2208,7000.0,1,2,,,"2026-03-06",1,2,0,""
2209,-1148.0,1,12,32,,"2026-03-06",1,2,1,""
2210,-6200.0,1,14,,,"2026-03-08",3,2,1,nőnap
2211,1000.0,1,1,3,,"2026-03-09",5,2,0,""
2212,-3000.0,1,13,36,,"2026-03-09",6,2,1,QuizNight
2213,-7350.0,1,12,33,,"2026-03-09",1,2,1,Ibolya Espresso
2214,133557.0,1,1,44,,"2026-03-10",1,2,0,""
2215,-499.0,1,12,32,,"2026-03-10",1,2,1,""
2216,10000.0,1,5,,,"2026-03-10",6,2,0,Erste Diverzum
2217,156200.0,1,1,1,,"2026-03-10",1,2,0,""
2218,-4990.0,1,7,12,,"2026-03-10",1,2,1,""
2219,-1700.0,1,19,60,,"2026-03-11",1,2,1,Cseriti
2220,-4798.0,1,12,33,,"2026-03-11",1,2,1,Smashy
2221,-1524.0,1,12,32,,"2026-03-11",6,2,1,""
2222,2500.0,1,2,,,"2026-03-12",1,2,0,""
2223,40000.0,1,5,,,"2026-03-12",6,2,0,""
2224,-3250.0,1,12,33,,"2026-03-12",6,2,1,lángos
2225,-2499.0,1,11,49,,"2026-03-12",6,2,1,LEGO SW magazin
2226,-18500.0,1,11,53,,"2026-03-13",6,2,1,dokkoló
2227,-1890.0,1,8,17,,"2026-03-14",1,2,1,""
2228,-465.0,1,10,28,,"2026-03-13",1,2,1,""
2229,-3462.0,1,12,32,,"2026-03-13",1,2,1,""
2230,-1050.0,1,12,32,,"2026-03-14",1,2,1,""
2231,-3800.0,1,13,34,,"2026-03-14",6,2,1,""
2232,-2640.0,1,13,34,,"2026-03-14",6,2,1,mozi - nasi
2233,-4793.0,1,12,32,,"2026-03-14",1,2,1,""
2234,-5009.0,1,7,14,,"2026-03-14",2,2,1,""
2235,-6000.0,1,7,14,,"2026-05-05",2,2,1,""
2236,-1000.0,1,12,33,,"2026-05-01",1,2,1,""
2237,-1500.0,1,12,33,,"2026-05-01",1,2,1,""
2238,-895.0,1,10,28,,"2026-05-01",1,2,1,""
2239,-419.0,1,12,32,,"2026-05-01",1,2,1,""
2240,-910.0,1,12,32,,"2026-05-01",1,2,1,""
2241,-33759.0,1,10,27,,"2026-05-08",2,2,0,""
2242,-449.0,1,12,32,,"2026-05-02",1,2,1,""
2243,-570.0,1,12,32,,"2026-05-03",1,2,1,""
2244,-9470.0,1,14,,,"2026-05-03",2,2,1,""
2245,-4190.0,1,12,33,,"2026-05-03",2,2,1,Moto
2246,-690.0,1,7,42,,"2026-05-04",1,2,1,""
2247,2500.0,1,2,,,"2026-05-05",1,2,0,""
2248,338.0,1,5,6,,"2026-05-05",1,2,0,""
2249,-3950.0,1,12,33,,"2026-05-05",2,2,1,Sushi Time
2250,7000.0,1,2,,,"2026-05-07",1,2,0,""
2251,-699.0,1,12,33,,"2026-05-06",1,2,1,""
2252,-419.0,1,12,32,,"2026-05-06",1,2,1,""
2253,-419.0,1,12,32,,"2026-05-07",1,2,1,""
2254,-699.0,1,12,33,,"2026-05-07",1,2,1,""
2255,-1265.0,1,12,33,,"2026-05-07",1,2,1,""
2256,-4624.0,1,7,12,,"2026-05-07",1,2,1,""
2257,2500.0,1,2,,,"2026-05-08",1,2,0,""
2258,-490.0,1,12,32,,"2026-05-08",1,2,1,""
2259,-1405.0,1,10,28,,"2026-05-08",1,2,1,""
2260,134075.0,1,1,44,,"2026-05-09",1,2,0,""
2261,-1200.0,1,12,32,,"2026-05-09",1,2,1,""
2262,-456.0,1,12,32,,"2026-05-09",1,2,1,""
2263,126500.0,1,1,1,,"2026-05-09",4,2,0,""
2264,-7740.0,1,12,33,,"2026-05-09",4,2,1,""
2265,-6998.0,1,14,,,"2026-05-09",4,2,1,""